-6,-37,j4NetAn0KjMp0e+cKbOmFHs4Y2Y=,MW65ozWGbj4XdBiSlpeIbCorFFo=
-5,-37,j4NetAn0KjMp0e+cKbOmFHs4Y2Y=,MW65ozWGbj4XdBiSlpeIbCorFFo=
-5,-38,j4NetAn0KjMp0e+cKbOmFHs4Y2Y=,MW65ozWGbj4XdBiSlpeIbCorFFo=
-4,-35,j4NetAn0KjMp0e+cKbOmFHs4Y2Y=,Rc36kWVoRRQpTex4IRMk9TyIDYo=
-4,-38,j4NetAn0KjMp0e+cKbOmFHs4Y2Y=,PaLqOBgFfK10FDHkuS2VsLBUn0I=
-3,-35,j4NetAn0KjMp0e+cKbOmFHs4Y2Y=,Rc36kWVoRRQpTex4IRMk9TyIDYo=
-3,-37,j4NetAn0KjMp0e+cKbOmFHs4Y2Y=,PaLqOBgFfK10FDHkuS2VsLBUn0I=
-6,-36,j4NetAn0KjMp0e+cKbOmFHs4Y2Y=,UYva83Ujs26sfMkoQwXhYHnMPkk=
-3,-36,j4NetAn0KjMp0e+cKbOmFHs4Y2Y=,Rc36kWVoRRQpTex4IRMk9TyIDYo=
-4,-36,j4NetAn0KjMp0e+cKbOmFHs4Y2Y=,Rc36kWVoRRQpTex4IRMk9TyIDYo=
-6,-38,j4NetAn0KjMp0e+cKbOmFHs4Y2Y=,MW65ozWGbj4XdBiSlpeIbCorFFo=
-3,-38,j4NetAn0KjMp0e+cKbOmFHs4Y2Y=,PaLqOBgFfK10FDHkuS2VsLBUn0I=
-4,-37,j4NetAn0KjMp0e+cKbOmFHs4Y2Y=,PaLqOBgFfK10FDHkuS2VsLBUn0I=
-5,-35,j4NetAn0KjMp0e+cKbOmFHs4Y2Y=,UYva83Ujs26sfMkoQwXhYHnMPkk=
-5,-36,j4NetAn0KjMp0e+cKbOmFHs4Y2Y=,UYva83Ujs26sfMkoQwXhYHnMPkk=
-6,-35,j4NetAn0KjMp0e+cKbOmFHs4Y2Y=,UYva83Ujs26sfMkoQwXhYHnMPkk=
-10,-36,S1Mv21TeK4YivG+LHk5lCd24ZCo=,5RMxpbtUIv2fcxN57pgx1vobexw=
-7,-37,S1Mv21TeK4YivG+LHk5lCd24ZCo=,MW65ozWGbj4XdBiSlpeIbCorFFo=
-9,-38,S1Mv21TeK4YivG+LHk5lCd24ZCo=,P+vNVZ+xMCyZA39hrhklAG8TtaA=
-10,-37,S1Mv21TeK4YivG+LHk5lCd24ZCo=,P+vNVZ+xMCyZA39hrhklAG8TtaA=
-8,-37,S1Mv21TeK4YivG+LHk5lCd24ZCo=,MW65ozWGbj4XdBiSlpeIbCorFFo=
-8,-38,S1Mv21TeK4YivG+LHk5lCd24ZCo=,MW65ozWGbj4XdBiSlpeIbCorFFo=
-8,-36,S1Mv21TeK4YivG+LHk5lCd24ZCo=,UYva83Ujs26sfMkoQwXhYHnMPkk=
-10,-38,S1Mv21TeK4YivG+LHk5lCd24ZCo=,P+vNVZ+xMCyZA39hrhklAG8TtaA=
-7,-38,S1Mv21TeK4YivG+LHk5lCd24ZCo=,MW65ozWGbj4XdBiSlpeIbCorFFo=
-9,-36,S1Mv21TeK4YivG+LHk5lCd24ZCo=,5RMxpbtUIv2fcxN57pgx1vobexw=
-7,-36,S1Mv21TeK4YivG+LHk5lCd24ZCo=,UYva83Ujs26sfMkoQwXhYHnMPkk=
-9,-37,S1Mv21TeK4YivG+LHk5lCd24ZCo=,P+vNVZ+xMCyZA39hrhklAG8TtaA=
-8,-35,S1Mv21TeK4YivG+LHk5lCd24ZCo=,UYva83Ujs26sfMkoQwXhYHnMPkk=
-9,-35,S1Mv21TeK4YivG+LHk5lCd24ZCo=,5RMxpbtUIv2fcxN57pgx1vobexw=
-10,-35,S1Mv21TeK4YivG+LHk5lCd24ZCo=,5RMxpbtUIv2fcxN57pgx1vobexw=
-7,-35,S1Mv21TeK4YivG+LHk5lCd24ZCo=,UYva83Ujs26sfMkoQwXhYHnMPkk=
-8,-39,f1Qki3pTx9kiBaGPhKamFCiJbNA=,MW65ozWGbj4XdBiSlpeIbCorFFo=
-8,-42,f1Qki3pTx9kiBaGPhKamFCiJbNA=,4Y2VRwDt8FXX2VITUq8yzC+Sd14=
-7,-42,f1Qki3pTx9kiBaGPhKamFCiJbNA=,4Y2VRwDt8FXX2VITUq8yzC+Sd14=
-9,-40,f1Qki3pTx9kiBaGPhKamFCiJbNA=,P+vNVZ+xMCyZA39hrhklAG8TtaA=
-10,-40,f1Qki3pTx9kiBaGPhKamFCiJbNA=,P+vNVZ+xMCyZA39hrhklAG8TtaA=
-7,-40,f1Qki3pTx9kiBaGPhKamFCiJbNA=,MW65ozWGbj4XdBiSlpeIbCorFFo=
-9,-42,f1Qki3pTx9kiBaGPhKamFCiJbNA=,3WZTNQjN16VfwTbvkzK2YxY7PYQ=
-9,-39,f1Qki3pTx9kiBaGPhKamFCiJbNA=,P+vNVZ+xMCyZA39hrhklAG8TtaA=
-7,-41,f1Qki3pTx9kiBaGPhKamFCiJbNA=,4Y2VRwDt8FXX2VITUq8yzC+Sd14=
-10,-42,f1Qki3pTx9kiBaGPhKamFCiJbNA=,3WZTNQjN16VfwTbvkzK2YxY7PYQ=
-8,-41,f1Qki3pTx9kiBaGPhKamFCiJbNA=,4Y2VRwDt8FXX2VITUq8yzC+Sd14=
-10,-39,f1Qki3pTx9kiBaGPhKamFCiJbNA=,P+vNVZ+xMCyZA39hrhklAG8TtaA=
-10,-41,f1Qki3pTx9kiBaGPhKamFCiJbNA=,3WZTNQjN16VfwTbvkzK2YxY7PYQ=
-8,-40,f1Qki3pTx9kiBaGPhKamFCiJbNA=,MW65ozWGbj4XdBiSlpeIbCorFFo=
-7,-39,f1Qki3pTx9kiBaGPhKamFCiJbNA=,MW65ozWGbj4XdBiSlpeIbCorFFo=
-9,-41,f1Qki3pTx9kiBaGPhKamFCiJbNA=,3WZTNQjN16VfwTbvkzK2YxY7PYQ=
-5,-39,JKD2jRRQ0IxrIjlhtHzQJ0JqRLE=,MW65ozWGbj4XdBiSlpeIbCorFFo=
-5,-41,JKD2jRRQ0IxrIjlhtHzQJ0JqRLE=,4Y2VRwDt8FXX2VITUq8yzC+Sd14=
-6,-39,JKD2jRRQ0IxrIjlhtHzQJ0JqRLE=,MW65ozWGbj4XdBiSlpeIbCorFFo=
-5,-42,JKD2jRRQ0IxrIjlhtHzQJ0JqRLE=,4Y2VRwDt8FXX2VITUq8yzC+Sd14=
-6,-42,JKD2jRRQ0IxrIjlhtHzQJ0JqRLE=,4Y2VRwDt8FXX2VITUq8yzC+Sd14=
-4,-41,JKD2jRRQ0IxrIjlhtHzQJ0JqRLE=,Y1xoF3TCrEnKZ0s3xrka7M3qb2w=
-3,-41,JKD2jRRQ0IxrIjlhtHzQJ0JqRLE=,Y1xoF3TCrEnKZ0s3xrka7M3qb2w=
-6,-41,JKD2jRRQ0IxrIjlhtHzQJ0JqRLE=,4Y2VRwDt8FXX2VITUq8yzC+Sd14=
-5,-40,JKD2jRRQ0IxrIjlhtHzQJ0JqRLE=,MW65ozWGbj4XdBiSlpeIbCorFFo=
-6,-40,JKD2jRRQ0IxrIjlhtHzQJ0JqRLE=,MW65ozWGbj4XdBiSlpeIbCorFFo=
-3,-39,JKD2jRRQ0IxrIjlhtHzQJ0JqRLE=,PaLqOBgFfK10FDHkuS2VsLBUn0I=
-3,-40,JKD2jRRQ0IxrIjlhtHzQJ0JqRLE=,PaLqOBgFfK10FDHkuS2VsLBUn0I=
-4,-39,JKD2jRRQ0IxrIjlhtHzQJ0JqRLE=,PaLqOBgFfK10FDHkuS2VsLBUn0I=
-4,-42,JKD2jRRQ0IxrIjlhtHzQJ0JqRLE=,Y1xoF3TCrEnKZ0s3xrka7M3qb2w=
-4,-40,JKD2jRRQ0IxrIjlhtHzQJ0JqRLE=,PaLqOBgFfK10FDHkuS2VsLBUn0I=
-3,-42,JKD2jRRQ0IxrIjlhtHzQJ0JqRLE=,Y1xoF3TCrEnKZ0s3xrka7M3qb2w=
-8,-44,9Q5ta0FcOFVQ++4HH5I+Fbz6Z+0=,4Y2VRwDt8FXX2VITUq8yzC+Sd14=
-3,-45,9Q5ta0FcOFVQ++4HH5I+Fbz6Z+0=,mNVSMZhcQCAuRZy1qZIjNRz8YX0=
-10,-45,9Q5ta0FcOFVQ++4HH5I+Fbz6Z+0=,/y6EFf0NAnYNAY4nWuGutGsh+lI=
-7,-45,9Q5ta0FcOFVQ++4HH5I+Fbz6Z+0=,ObsZAcp8FcHNGntRzYnzZmQTSwk=
-10,-44,9Q5ta0FcOFVQ++4HH5I+Fbz6Z+0=,3WZTNQjN16VfwTbvkzK2YxY7PYQ=
-6,-44,9Q5ta0FcOFVQ++4HH5I+Fbz6Z+0=,4Y2VRwDt8FXX2VITUq8yzC+Sd14=
-8,-43,9Q5ta0FcOFVQ++4HH5I+Fbz6Z+0=,4Y2VRwDt8FXX2VITUq8yzC+Sd14=
-9,-46,9Q5ta0FcOFVQ++4HH5I+Fbz6Z+0=,/y6EFf0NAnYNAY4nWuGutGsh+lI=
-10,-46,9Q5ta0FcOFVQ++4HH5I+Fbz6Z+0=,/y6EFf0NAnYNAY4nWuGutGsh+lI=
-5,-44,9Q5ta0FcOFVQ++4HH5I+Fbz6Z+0=,4Y2VRwDt8FXX2VITUq8yzC+Sd14=
-6,-45,9Q5ta0FcOFVQ++4HH5I+Fbz6Z+0=,ObsZAcp8FcHNGntRzYnzZmQTSwk=
-8,-45,9Q5ta0FcOFVQ++4HH5I+Fbz6Z+0=,ObsZAcp8FcHNGntRzYnzZmQTSwk=
-9,-43,9Q5ta0FcOFVQ++4HH5I+Fbz6Z+0=,3WZTNQjN16VfwTbvkzK2YxY7PYQ=
-4,-46,9Q5ta0FcOFVQ++4HH5I+Fbz6Z+0=,mNVSMZhcQCAuRZy1qZIjNRz8YX0=
-6,-46,9Q5ta0FcOFVQ++4HH5I+Fbz6Z+0=,ObsZAcp8FcHNGntRzYnzZmQTSwk=
-8,-46,9Q5ta0FcOFVQ++4HH5I+Fbz6Z+0=,ObsZAcp8FcHNGntRzYnzZmQTSwk=
-7,-43,9Q5ta0FcOFVQ++4HH5I+Fbz6Z+0=,4Y2VRwDt8FXX2VITUq8yzC+Sd14=
-4,-44,9Q5ta0FcOFVQ++4HH5I+Fbz6Z+0=,Y1xoF3TCrEnKZ0s3xrka7M3qb2w=
-3,-44,9Q5ta0FcOFVQ++4HH5I+Fbz6Z+0=,Y1xoF3TCrEnKZ0s3xrka7M3qb2w=
-3,-46,9Q5ta0FcOFVQ++4HH5I+Fbz6Z+0=,mNVSMZhcQCAuRZy1qZIjNRz8YX0=
-4,-45,9Q5ta0FcOFVQ++4HH5I+Fbz6Z+0=,mNVSMZhcQCAuRZy1qZIjNRz8YX0=
-5,-43,9Q5ta0FcOFVQ++4HH5I+Fbz6Z+0=,4Y2VRwDt8FXX2VITUq8yzC+Sd14=
-7,-44,9Q5ta0FcOFVQ++4HH5I+Fbz6Z+0=,4Y2VRwDt8FXX2VITUq8yzC+Sd14=
-3,-43,9Q5ta0FcOFVQ++4HH5I+Fbz6Z+0=,Y1xoF3TCrEnKZ0s3xrka7M3qb2w=
-7,-46,9Q5ta0FcOFVQ++4HH5I+Fbz6Z+0=,ObsZAcp8FcHNGntRzYnzZmQTSwk=
-9,-45,9Q5ta0FcOFVQ++4HH5I+Fbz6Z+0=,/y6EFf0NAnYNAY4nWuGutGsh+lI=
-6,-43,9Q5ta0FcOFVQ++4HH5I+Fbz6Z+0=,4Y2VRwDt8FXX2VITUq8yzC+Sd14=
-5,-45,9Q5ta0FcOFVQ++4HH5I+Fbz6Z+0=,ObsZAcp8FcHNGntRzYnzZmQTSwk=
-10,-43,9Q5ta0FcOFVQ++4HH5I+Fbz6Z+0=,3WZTNQjN16VfwTbvkzK2YxY7PYQ=
-4,-43,9Q5ta0FcOFVQ++4HH5I+Fbz6Z+0=,Y1xoF3TCrEnKZ0s3xrka7M3qb2w=
-9,-44,9Q5ta0FcOFVQ++4HH5I+Fbz6Z+0=,3WZTNQjN16VfwTbvkzK2YxY7PYQ=
-5,-46,9Q5ta0FcOFVQ++4HH5I+Fbz6Z+0=,ObsZAcp8FcHNGntRzYnzZmQTSwk=
-12,-44,YjlXWwSVzNJu8A1/Ql4gdwBYd1I=,3WZTNQjN16VfwTbvkzK2YxY7PYQ=
-11,-45,YjlXWwSVzNJu8A1/Ql4gdwBYd1I=,/y6EFf0NAnYNAY4nWuGutGsh+lI=
-13,-45,YjlXWwSVzNJu8A1/Ql4gdwBYd1I=,7eYk/WuBaxZpFnoipRfzJStTXT4=
-11,-44,YjlXWwSVzNJu8A1/Ql4gdwBYd1I=,3WZTNQjN16VfwTbvkzK2YxY7PYQ=
-12,-45,YjlXWwSVzNJu8A1/Ql4gdwBYd1I=,/y6EFf0NAnYNAY4nWuGutGsh+lI=
-14,-45,YjlXWwSVzNJu8A1/Ql4gdwBYd1I=,7eYk/WuBaxZpFnoipRfzJStTXT4=
-11,-46,YjlXWwSVzNJu8A1/Ql4gdwBYd1I=,/y6EFf0NAnYNAY4nWuGutGsh+lI=
-14,-46,YjlXWwSVzNJu8A1/Ql4gdwBYd1I=,7eYk/WuBaxZpFnoipRfzJStTXT4=
-13,-46,YjlXWwSVzNJu8A1/Ql4gdwBYd1I=,7eYk/WuBaxZpFnoipRfzJStTXT4=
-12,-43,YjlXWwSVzNJu8A1/Ql4gdwBYd1I=,3WZTNQjN16VfwTbvkzK2YxY7PYQ=
-13,-43,YjlXWwSVzNJu8A1/Ql4gdwBYd1I=,eWmUwdQT8tw9pwLWg/6qi+s59YY=
-13,-44,YjlXWwSVzNJu8A1/Ql4gdwBYd1I=,eWmUwdQT8tw9pwLWg/6qi+s59YY=
-14,-43,YjlXWwSVzNJu8A1/Ql4gdwBYd1I=,eWmUwdQT8tw9pwLWg/6qi+s59YY=
-11,-43,YjlXWwSVzNJu8A1/Ql4gdwBYd1I=,3WZTNQjN16VfwTbvkzK2YxY7PYQ=
-14,-44,YjlXWwSVzNJu8A1/Ql4gdwBYd1I=,eWmUwdQT8tw9pwLWg/6qi+s59YY=
-12,-46,YjlXWwSVzNJu8A1/Ql4gdwBYd1I=,/y6EFf0NAnYNAY4nWuGutGsh+lI=
-13,-37,YjlXWwSVzNJu8A1/Ql4gdwBYd1I=,93t7jAFjDoFnN1gE06J2VA0DFpM=
-16,-40,YjlXWwSVzNJu8A1/Ql4gdwBYd1I=,93t7jAFjDoFnN1gE06J2VA0DFpM=
-14,-41,YjlXWwSVzNJu8A1/Ql4gdwBYd1I=,eWmUwdQT8tw9pwLWg/6qi+s59YY=
-12,-37,YjlXWwSVzNJu8A1/Ql4gdwBYd1I=,P+vNVZ+xMCyZA39hrhklAG8TtaA=
-11,-37,YjlXWwSVzNJu8A1/Ql4gdwBYd1I=,P+vNVZ+xMCyZA39hrhklAG8TtaA=
-12,-41,YjlXWwSVzNJu8A1/Ql4gdwBYd1I=,3WZTNQjN16VfwTbvkzK2YxY7PYQ=
-14,-37,YjlXWwSVzNJu8A1/Ql4gdwBYd1I=,93t7jAFjDoFnN1gE06J2VA0DFpM=
-14,-38,YjlXWwSVzNJu8A1/Ql4gdwBYd1I=,93t7jAFjDoFnN1gE06J2VA0DFpM=
-13,-38,YjlXWwSVzNJu8A1/Ql4gdwBYd1I=,93t7jAFjDoFnN1gE06J2VA0DFpM=
-15,-42,YjlXWwSVzNJu8A1/Ql4gdwBYd1I=,eWmUwdQT8tw9pwLWg/6qi+s59YY=
-12,-38,YjlXWwSVzNJu8A1/Ql4gdwBYd1I=,P+vNVZ+xMCyZA39hrhklAG8TtaA=
-12,-39,YjlXWwSVzNJu8A1/Ql4gdwBYd1I=,P+vNVZ+xMCyZA39hrhklAG8TtaA=
-13,-41,YjlXWwSVzNJu8A1/Ql4gdwBYd1I=,eWmUwdQT8tw9pwLWg/6qi+s59YY=
-11,-41,YjlXWwSVzNJu8A1/Ql4gdwBYd1I=,3WZTNQjN16VfwTbvkzK2YxY7PYQ=
-16,-42,YjlXWwSVzNJu8A1/Ql4gdwBYd1I=,eWmUwdQT8tw9pwLWg/6qi+s59YY=
-16,-41,YjlXWwSVzNJu8A1/Ql4gdwBYd1I=,eWmUwdQT8tw9pwLWg/6qi+s59YY=
-11,-38,YjlXWwSVzNJu8A1/Ql4gdwBYd1I=,P+vNVZ+xMCyZA39hrhklAG8TtaA=
-12,-42,YjlXWwSVzNJu8A1/Ql4gdwBYd1I=,3WZTNQjN16VfwTbvkzK2YxY7PYQ=
-12,-40,YjlXWwSVzNJu8A1/Ql4gdwBYd1I=,P+vNVZ+xMCyZA39hrhklAG8TtaA=
-11,-40,YjlXWwSVzNJu8A1/Ql4gdwBYd1I=,P+vNVZ+xMCyZA39hrhklAG8TtaA=
-16,-39,YjlXWwSVzNJu8A1/Ql4gdwBYd1I=,93t7jAFjDoFnN1gE06J2VA0DFpM=
-15,-39,YjlXWwSVzNJu8A1/Ql4gdwBYd1I=,93t7jAFjDoFnN1gE06J2VA0DFpM=
-11,-39,YjlXWwSVzNJu8A1/Ql4gdwBYd1I=,P+vNVZ+xMCyZA39hrhklAG8TtaA=
-11,-42,YjlXWwSVzNJu8A1/Ql4gdwBYd1I=,3WZTNQjN16VfwTbvkzK2YxY7PYQ=
-14,-42,YjlXWwSVzNJu8A1/Ql4gdwBYd1I=,eWmUwdQT8tw9pwLWg/6qi+s59YY=
-15,-41,YjlXWwSVzNJu8A1/Ql4gdwBYd1I=,eWmUwdQT8tw9pwLWg/6qi+s59YY=
-13,-36,YjlXWwSVzNJu8A1/Ql4gdwBYd1I=,QhSQ78JbqJoQe1yLK7gw3h7vhBU=
-15,-40,YjlXWwSVzNJu8A1/Ql4gdwBYd1I=,93t7jAFjDoFnN1gE06J2VA0DFpM=
-12,-36,YjlXWwSVzNJu8A1/Ql4gdwBYd1I=,5RMxpbtUIv2fcxN57pgx1vobexw=
-14,-35,YjlXWwSVzNJu8A1/Ql4gdwBYd1I=,QhSQ78JbqJoQe1yLK7gw3h7vhBU=
-13,-39,YjlXWwSVzNJu8A1/Ql4gdwBYd1I=,93t7jAFjDoFnN1gE06J2VA0DFpM=
-11,-35,YjlXWwSVzNJu8A1/Ql4gdwBYd1I=,5RMxpbtUIv2fcxN57pgx1vobexw=
-13,-40,T9a95O2PvIZk3zlZhUPeep9f03Q=,93t7jAFjDoFnN1gE06J2VA0DFpM=
-14,-39,T9a95O2PvIZk3zlZhUPeep9f03Q=,93t7jAFjDoFnN1gE06J2VA0DFpM=
-14,-36,T9a95O2PvIZk3zlZhUPeep9f03Q=,QhSQ78JbqJoQe1yLK7gw3h7vhBU=
-14,-40,T9a95O2PvIZk3zlZhUPeep9f03Q=,93t7jAFjDoFnN1gE06J2VA0DFpM=
-13,-35,T9a95O2PvIZk3zlZhUPeep9f03Q=,QhSQ78JbqJoQe1yLK7gw3h7vhBU=
-13,-42,T9a95O2PvIZk3zlZhUPeep9f03Q=,eWmUwdQT8tw9pwLWg/6qi+s59YY=
-11,-36,T9a95O2PvIZk3zlZhUPeep9f03Q=,5RMxpbtUIv2fcxN57pgx1vobexw=
-12,-35,T9a95O2PvIZk3zlZhUPeep9f03Q=,5RMxpbtUIv2fcxN57pgx1vobexw=
-15,-37,T9a95O2PvIZk3zlZhUPeep9f03Q=,93t7jAFjDoFnN1gE06J2VA0DFpM=
-15,-36,T9a95O2PvIZk3zlZhUPeep9f03Q=,QhSQ78JbqJoQe1yLK7gw3h7vhBU=
-16,-38,T9a95O2PvIZk3zlZhUPeep9f03Q=,93t7jAFjDoFnN1gE06J2VA0DFpM=
-16,-37,T9a95O2PvIZk3zlZhUPeep9f03Q=,93t7jAFjDoFnN1gE06J2VA0DFpM=
-15,-38,T9a95O2PvIZk3zlZhUPeep9f03Q=,93t7jAFjDoFnN1gE06J2VA0DFpM=
-15,-35,T9a95O2PvIZk3zlZhUPeep9f03Q=,QhSQ78JbqJoQe1yLK7gw3h7vhBU=
-16,-36,T9a95O2PvIZk3zlZhUPeep9f03Q=,QhSQ78JbqJoQe1yLK7gw3h7vhBU=
-16,-35,T9a95O2PvIZk3zlZhUPeep9f03Q=,QhSQ78JbqJoQe1yLK7gw3h7vhBU=
-3,-34,228+2dlppE5DX1L6oTFXgVp6G70=,Rc36kWVoRRQpTex4IRMk9TyIDYo=
-5,-34,228+2dlppE5DX1L6oTFXgVp6G70=,UYva83Ujs26sfMkoQwXhYHnMPkk=
-4,-33,228+2dlppE5DX1L6oTFXgVp6G70=,Rc36kWVoRRQpTex4IRMk9TyIDYo=
-4,-34,228+2dlppE5DX1L6oTFXgVp6G70=,Rc36kWVoRRQpTex4IRMk9TyIDYo=
-6,-34,228+2dlppE5DX1L6oTFXgVp6G70=,UYva83Ujs26sfMkoQwXhYHnMPkk=
-8,-33,228+2dlppE5DX1L6oTFXgVp6G70=,UYva83Ujs26sfMkoQwXhYHnMPkk=
-5,-33,228+2dlppE5DX1L6oTFXgVp6G70=,UYva83Ujs26sfMkoQwXhYHnMPkk=
-3,-33,228+2dlppE5DX1L6oTFXgVp6G70=,Rc36kWVoRRQpTex4IRMk9TyIDYo=
-7,-33,228+2dlppE5DX1L6oTFXgVp6G70=,UYva83Ujs26sfMkoQwXhYHnMPkk=
-6,-33,228+2dlppE5DX1L6oTFXgVp6G70=,UYva83Ujs26sfMkoQwXhYHnMPkk=
-9,-33,228+2dlppE5DX1L6oTFXgVp6G70=,5RMxpbtUIv2fcxN57pgx1vobexw=
-13,-33,228+2dlppE5DX1L6oTFXgVp6G70=,QhSQ78JbqJoQe1yLK7gw3h7vhBU=
-11,-34,228+2dlppE5DX1L6oTFXgVp6G70=,5RMxpbtUIv2fcxN57pgx1vobexw=
-11,-33,228+2dlppE5DX1L6oTFXgVp6G70=,5RMxpbtUIv2fcxN57pgx1vobexw=
-14,-34,228+2dlppE5DX1L6oTFXgVp6G70=,QhSQ78JbqJoQe1yLK7gw3h7vhBU=
-10,-33,228+2dlppE5DX1L6oTFXgVp6G70=,5RMxpbtUIv2fcxN57pgx1vobexw=
-13,-34,228+2dlppE5DX1L6oTFXgVp6G70=,QhSQ78JbqJoQe1yLK7gw3h7vhBU=
-14,-33,228+2dlppE5DX1L6oTFXgVp6G70=,QhSQ78JbqJoQe1yLK7gw3h7vhBU=
-9,-34,228+2dlppE5DX1L6oTFXgVp6G70=,5RMxpbtUIv2fcxN57pgx1vobexw=
-12,-34,228+2dlppE5DX1L6oTFXgVp6G70=,5RMxpbtUIv2fcxN57pgx1vobexw=
-12,-33,228+2dlppE5DX1L6oTFXgVp6G70=,5RMxpbtUIv2fcxN57pgx1vobexw=
-8,-34,228+2dlppE5DX1L6oTFXgVp6G70=,UYva83Ujs26sfMkoQwXhYHnMPkk=
-10,-34,228+2dlppE5DX1L6oTFXgVp6G70=,5RMxpbtUIv2fcxN57pgx1vobexw=
-7,-34,228+2dlppE5DX1L6oTFXgVp6G70=,UYva83Ujs26sfMkoQwXhYHnMPkk=
-2,-38,228+2dlppE5DX1L6oTFXgVp6G70=,PaLqOBgFfK10FDHkuS2VsLBUn0I=
-2,-35,228+2dlppE5DX1L6oTFXgVp6G70=,Rc36kWVoRRQpTex4IRMk9TyIDYo=
-2,-37,228+2dlppE5DX1L6oTFXgVp6G70=,PaLqOBgFfK10FDHkuS2VsLBUn0I=
-1,-35,228+2dlppE5DX1L6oTFXgVp6G70=,Rc36kWVoRRQpTex4IRMk9TyIDYo=
-2,-36,228+2dlppE5DX1L6oTFXgVp6G70=,Rc36kWVoRRQpTex4IRMk9TyIDYo=
-1,-36,228+2dlppE5DX1L6oTFXgVp6G70=,Rc36kWVoRRQpTex4IRMk9TyIDYo=
-1,-38,228+2dlppE5DX1L6oTFXgVp6G70=,PaLqOBgFfK10FDHkuS2VsLBUn0I=
-1,-37,228+2dlppE5DX1L6oTFXgVp6G70=,PaLqOBgFfK10FDHkuS2VsLBUn0I=
-2,-40,So4rQ1cvPs7q3wnWW8azMWphNL0=,PaLqOBgFfK10FDHkuS2VsLBUn0I=
-1,-41,So4rQ1cvPs7q3wnWW8azMWphNL0=,Y1xoF3TCrEnKZ0s3xrka7M3qb2w=
-1,-42,So4rQ1cvPs7q3wnWW8azMWphNL0=,Y1xoF3TCrEnKZ0s3xrka7M3qb2w=
-2,-41,So4rQ1cvPs7q3wnWW8azMWphNL0=,Y1xoF3TCrEnKZ0s3xrka7M3qb2w=
-2,-42,So4rQ1cvPs7q3wnWW8azMWphNL0=,Y1xoF3TCrEnKZ0s3xrka7M3qb2w=
-2,-39,So4rQ1cvPs7q3wnWW8azMWphNL0=,PaLqOBgFfK10FDHkuS2VsLBUn0I=
-1,-40,So4rQ1cvPs7q3wnWW8azMWphNL0=,PaLqOBgFfK10FDHkuS2VsLBUn0I=
-1,-39,So4rQ1cvPs7q3wnWW8azMWphNL0=,PaLqOBgFfK10FDHkuS2VsLBUn0I=
-1,-44,So4rQ1cvPs7q3wnWW8azMWphNL0=,Y1xoF3TCrEnKZ0s3xrka7M3qb2w=
-2,-43,So4rQ1cvPs7q3wnWW8azMWphNL0=,Y1xoF3TCrEnKZ0s3xrka7M3qb2w=
-2,-46,So4rQ1cvPs7q3wnWW8azMWphNL0=,mNVSMZhcQCAuRZy1qZIjNRz8YX0=
-2,-45,So4rQ1cvPs7q3wnWW8azMWphNL0=,mNVSMZhcQCAuRZy1qZIjNRz8YX0=
-1,-46,So4rQ1cvPs7q3wnWW8azMWphNL0=,mNVSMZhcQCAuRZy1qZIjNRz8YX0=
-1,-43,So4rQ1cvPs7q3wnWW8azMWphNL0=,Y1xoF3TCrEnKZ0s3xrka7M3qb2w=
-1,-45,So4rQ1cvPs7q3wnWW8azMWphNL0=,mNVSMZhcQCAuRZy1qZIjNRz8YX0=
-2,-44,So4rQ1cvPs7q3wnWW8azMWphNL0=,Y1xoF3TCrEnKZ0s3xrka7M3qb2w=
-2,-47,So4rQ1cvPs7q3wnWW8azMWphNL0=,mNVSMZhcQCAuRZy1qZIjNRz8YX0=
-1,-47,So4rQ1cvPs7q3wnWW8azMWphNL0=,mNVSMZhcQCAuRZy1qZIjNRz8YX0=
-2,-48,So4rQ1cvPs7q3wnWW8azMWphNL0=,mNVSMZhcQCAuRZy1qZIjNRz8YX0=
-1,-48,So4rQ1cvPs7q3wnWW8azMWphNL0=,mNVSMZhcQCAuRZy1qZIjNRz8YX0=
-3,-47,vKN+hsRdjjcVQNEN1UzWueWuqi0=,mNVSMZhcQCAuRZy1qZIjNRz8YX0=
-6,-48,vKN+hsRdjjcVQNEN1UzWueWuqi0=,ObsZAcp8FcHNGntRzYnzZmQTSwk=
-4,-47,vKN+hsRdjjcVQNEN1UzWueWuqi0=,mNVSMZhcQCAuRZy1qZIjNRz8YX0=
-3,-48,vKN+hsRdjjcVQNEN1UzWueWuqi0=,mNVSMZhcQCAuRZy1qZIjNRz8YX0=
-4,-48,vKN+hsRdjjcVQNEN1UzWueWuqi0=,mNVSMZhcQCAuRZy1qZIjNRz8YX0=
-5,-47,vKN+hsRdjjcVQNEN1UzWueWuqi0=,ObsZAcp8FcHNGntRzYnzZmQTSwk=
-6,-47,vKN+hsRdjjcVQNEN1UzWueWuqi0=,ObsZAcp8FcHNGntRzYnzZmQTSwk=
-5,-48,vKN+hsRdjjcVQNEN1UzWueWuqi0=,ObsZAcp8FcHNGntRzYnzZmQTSwk=
-9,-48,vKN+hsRdjjcVQNEN1UzWueWuqi0=,/y6EFf0NAnYNAY4nWuGutGsh+lI=
-7,-48,vKN+hsRdjjcVQNEN1UzWueWuqi0=,ObsZAcp8FcHNGntRzYnzZmQTSwk=
-10,-48,vKN+hsRdjjcVQNEN1UzWueWuqi0=,/y6EFf0NAnYNAY4nWuGutGsh+lI=
-8,-47,vKN+hsRdjjcVQNEN1UzWueWuqi0=,ObsZAcp8FcHNGntRzYnzZmQTSwk=
-8,-48,vKN+hsRdjjcVQNEN1UzWueWuqi0=,ObsZAcp8FcHNGntRzYnzZmQTSwk=
-10,-47,vKN+hsRdjjcVQNEN1UzWueWuqi0=,/y6EFf0NAnYNAY4nWuGutGsh+lI=
-9,-47,vKN+hsRdjjcVQNEN1UzWueWuqi0=,/y6EFf0NAnYNAY4nWuGutGsh+lI=
-7,-47,vKN+hsRdjjcVQNEN1UzWueWuqi0=,ObsZAcp8FcHNGntRzYnzZmQTSwk=
-13,-47,vKN+hsRdjjcVQNEN1UzWueWuqi0=,7eYk/WuBaxZpFnoipRfzJStTXT4=
-11,-48,vKN+hsRdjjcVQNEN1UzWueWuqi0=,/y6EFf0NAnYNAY4nWuGutGsh+lI=
-11,-47,vKN+hsRdjjcVQNEN1UzWueWuqi0=,/y6EFf0NAnYNAY4nWuGutGsh+lI=
-12,-48,vKN+hsRdjjcVQNEN1UzWueWuqi0=,/y6EFf0NAnYNAY4nWuGutGsh+lI=
-13,-48,vKN+hsRdjjcVQNEN1UzWueWuqi0=,7eYk/WuBaxZpFnoipRfzJStTXT4=
-12,-47,vKN+hsRdjjcVQNEN1UzWueWuqi0=,/y6EFf0NAnYNAY4nWuGutGsh+lI=
-14,-48,vKN+hsRdjjcVQNEN1UzWueWuqi0=,7eYk/WuBaxZpFnoipRfzJStTXT4=
-14,-47,vKN+hsRdjjcVQNEN1UzWueWuqi0=,7eYk/WuBaxZpFnoipRfzJStTXT4=
-2,-34,vKN+hsRdjjcVQNEN1UzWueWuqi0=,Rc36kWVoRRQpTex4IRMk9TyIDYo=
-1,-34,vKN+hsRdjjcVQNEN1UzWueWuqi0=,Rc36kWVoRRQpTex4IRMk9TyIDYo=
-1,-33,vKN+hsRdjjcVQNEN1UzWueWuqi0=,Rc36kWVoRRQpTex4IRMk9TyIDYo=
-2,-33,vKN+hsRdjjcVQNEN1UzWueWuqi0=,Rc36kWVoRRQpTex4IRMk9TyIDYo=
-16,-45,vKN+hsRdjjcVQNEN1UzWueWuqi0=,7eYk/WuBaxZpFnoipRfzJStTXT4=
-16,-46,vKN+hsRdjjcVQNEN1UzWueWuqi0=,7eYk/WuBaxZpFnoipRfzJStTXT4=
-16,-48,vKN+hsRdjjcVQNEN1UzWueWuqi0=,7eYk/WuBaxZpFnoipRfzJStTXT4=
-16,-43,vKN+hsRdjjcVQNEN1UzWueWuqi0=,eWmUwdQT8tw9pwLWg/6qi+s59YY=
-15,-43,vKN+hsRdjjcVQNEN1UzWueWuqi0=,eWmUwdQT8tw9pwLWg/6qi+s59YY=
-15,-46,vKN+hsRdjjcVQNEN1UzWueWuqi0=,7eYk/WuBaxZpFnoipRfzJStTXT4=
-15,-48,vKN+hsRdjjcVQNEN1UzWueWuqi0=,7eYk/WuBaxZpFnoipRfzJStTXT4=
-15,-47,vKN+hsRdjjcVQNEN1UzWueWuqi0=,7eYk/WuBaxZpFnoipRfzJStTXT4=
-15,-44,vKN+hsRdjjcVQNEN1UzWueWuqi0=,eWmUwdQT8tw9pwLWg/6qi+s59YY=
-16,-44,vKN+hsRdjjcVQNEN1UzWueWuqi0=,eWmUwdQT8tw9pwLWg/6qi+s59YY=
-15,-45,vKN+hsRdjjcVQNEN1UzWueWuqi0=,7eYk/WuBaxZpFnoipRfzJStTXT4=
-16,-47,vKN+hsRdjjcVQNEN1UzWueWuqi0=,7eYk/WuBaxZpFnoipRfzJStTXT4=
-15,-33,vKN+hsRdjjcVQNEN1UzWueWuqi0=,QhSQ78JbqJoQe1yLK7gw3h7vhBU=
-16,-33,vKN+hsRdjjcVQNEN1UzWueWuqi0=,QhSQ78JbqJoQe1yLK7gw3h7vhBU=
-16,-34,vKN+hsRdjjcVQNEN1UzWueWuqi0=,QhSQ78JbqJoQe1yLK7gw3h7vhBU=
-15,-34,vKN+hsRdjjcVQNEN1UzWueWuqi0=,QhSQ78JbqJoQe1yLK7gw3h7vhBU=
-13,-54,V2G2AIQeYXP4IFveeKh+wyGayDQ=,oaktuxypido2axv9vpwEmD3D5oo=
-13,-53,V2G2AIQeYXP4IFveeKh+wyGayDQ=,oaktuxypido2axv9vpwEmD3D5oo=
-14,-53,V2G2AIQeYXP4IFveeKh+wyGayDQ=,oaktuxypido2axv9vpwEmD3D5oo=
-14,-54,V2G2AIQeYXP4IFveeKh+wyGayDQ=,oaktuxypido2axv9vpwEmD3D5oo=
-11,-53,V2G2AIQeYXP4IFveeKh+wyGayDQ=,jZB6OXxeEPtTAZwklspcoC6X3wA=
-12,-52,V2G2AIQeYXP4IFveeKh+wyGayDQ=,gUKLVq//7WH5pPvaJjv7eGkMZFY=
-12,-54,V2G2AIQeYXP4IFveeKh+wyGayDQ=,jZB6OXxeEPtTAZwklspcoC6X3wA=
-11,-51,V2G2AIQeYXP4IFveeKh+wyGayDQ=,gUKLVq//7WH5pPvaJjv7eGkMZFY=
-13,-51,V2G2AIQeYXP4IFveeKh+wyGayDQ=,tjtjQhKr2Y7nZAK4ONIbPPRsiwA=
-13,-52,V2G2AIQeYXP4IFveeKh+wyGayDQ=,tjtjQhKr2Y7nZAK4ONIbPPRsiwA=
-11,-54,V2G2AIQeYXP4IFveeKh+wyGayDQ=,jZB6OXxeEPtTAZwklspcoC6X3wA=
-12,-53,V2G2AIQeYXP4IFveeKh+wyGayDQ=,jZB6OXxeEPtTAZwklspcoC6X3wA=
-14,-52,V2G2AIQeYXP4IFveeKh+wyGayDQ=,tjtjQhKr2Y7nZAK4ONIbPPRsiwA=
-14,-51,V2G2AIQeYXP4IFveeKh+wyGayDQ=,tjtjQhKr2Y7nZAK4ONIbPPRsiwA=
-12,-51,V2G2AIQeYXP4IFveeKh+wyGayDQ=,gUKLVq//7WH5pPvaJjv7eGkMZFY=
-11,-52,V2G2AIQeYXP4IFveeKh+wyGayDQ=,gUKLVq//7WH5pPvaJjv7eGkMZFY=
-11,-57,KCTWxAD6KrcmEjeat+fgESOmSCQ=,/HXGhBt8K/mZ7rFZv8k3npKR58Y=
-11,-58,KCTWxAD6KrcmEjeat+fgESOmSCQ=,/HXGhBt8K/mZ7rFZv8k3npKR58Y=
-12,-56,KCTWxAD6KrcmEjeat+fgESOmSCQ=,jZB6OXxeEPtTAZwklspcoC6X3wA=
-13,-58,KCTWxAD6KrcmEjeat+fgESOmSCQ=,unOYhebMBA9xcvgp8xlTH9QK5TY=
-14,-58,KCTWxAD6KrcmEjeat+fgESOmSCQ=,unOYhebMBA9xcvgp8xlTH9QK5TY=
-11,-55,KCTWxAD6KrcmEjeat+fgESOmSCQ=,jZB6OXxeEPtTAZwklspcoC6X3wA=
-12,-55,KCTWxAD6KrcmEjeat+fgESOmSCQ=,jZB6OXxeEPtTAZwklspcoC6X3wA=
-13,-55,KCTWxAD6KrcmEjeat+fgESOmSCQ=,oaktuxypido2axv9vpwEmD3D5oo=
-13,-56,KCTWxAD6KrcmEjeat+fgESOmSCQ=,oaktuxypido2axv9vpwEmD3D5oo=
-14,-56,KCTWxAD6KrcmEjeat+fgESOmSCQ=,oaktuxypido2axv9vpwEmD3D5oo=
-14,-57,KCTWxAD6KrcmEjeat+fgESOmSCQ=,unOYhebMBA9xcvgp8xlTH9QK5TY=
-12,-58,KCTWxAD6KrcmEjeat+fgESOmSCQ=,/HXGhBt8K/mZ7rFZv8k3npKR58Y=
-13,-57,KCTWxAD6KrcmEjeat+fgESOmSCQ=,unOYhebMBA9xcvgp8xlTH9QK5TY=
-11,-56,KCTWxAD6KrcmEjeat+fgESOmSCQ=,jZB6OXxeEPtTAZwklspcoC6X3wA=
-12,-57,KCTWxAD6KrcmEjeat+fgESOmSCQ=,/HXGhBt8K/mZ7rFZv8k3npKR58Y=
-14,-55,KCTWxAD6KrcmEjeat+fgESOmSCQ=,oaktuxypido2axv9vpwEmD3D5oo=
-8,-62,UfAa50CukKqSdkVfjYNjQgoUj0o=,omU/6qDGZHiS5Uc8FXSC45WvdBc=
-9,-61,UfAa50CukKqSdkVfjYNjQgoUj0o=,OADeUJBFczkIzei9AVFNT36ODyM=
-10,-61,UfAa50CukKqSdkVfjYNjQgoUj0o=,OADeUJBFczkIzei9AVFNT36ODyM=
-10,-60,UfAa50CukKqSdkVfjYNjQgoUj0o=,/HXGhBt8K/mZ7rFZv8k3npKR58Y=
-7,-62,UfAa50CukKqSdkVfjYNjQgoUj0o=,omU/6qDGZHiS5Uc8FXSC45WvdBc=
-8,-61,UfAa50CukKqSdkVfjYNjQgoUj0o=,omU/6qDGZHiS5Uc8FXSC45WvdBc=
-9,-62,UfAa50CukKqSdkVfjYNjQgoUj0o=,OADeUJBFczkIzei9AVFNT36ODyM=
-8,-60,UfAa50CukKqSdkVfjYNjQgoUj0o=,5zIFqyU4g2LfcMdN22hokTJ6muQ=
-7,-60,UfAa50CukKqSdkVfjYNjQgoUj0o=,5zIFqyU4g2LfcMdN22hokTJ6muQ=
-9,-60,UfAa50CukKqSdkVfjYNjQgoUj0o=,/HXGhBt8K/mZ7rFZv8k3npKR58Y=
-10,-62,UfAa50CukKqSdkVfjYNjQgoUj0o=,OADeUJBFczkIzei9AVFNT36ODyM=
-7,-59,UfAa50CukKqSdkVfjYNjQgoUj0o=,5zIFqyU4g2LfcMdN22hokTJ6muQ=
-10,-59,UfAa50CukKqSdkVfjYNjQgoUj0o=,/HXGhBt8K/mZ7rFZv8k3npKR58Y=
-7,-61,UfAa50CukKqSdkVfjYNjQgoUj0o=,omU/6qDGZHiS5Uc8FXSC45WvdBc=
-8,-59,UfAa50CukKqSdkVfjYNjQgoUj0o=,5zIFqyU4g2LfcMdN22hokTJ6muQ=
-9,-59,UfAa50CukKqSdkVfjYNjQgoUj0o=,/HXGhBt8K/mZ7rFZv8k3npKR58Y=
-4,-60,bPbscUzZPtAwv63qMCSRiqX4Zzk=,bM9Tmm9eyA10BIiH1/ZH89xkDD4=
-5,-61,bPbscUzZPtAwv63qMCSRiqX4Zzk=,omU/6qDGZHiS5Uc8FXSC45WvdBc=
-3,-61,bPbscUzZPtAwv63qMCSRiqX4Zzk=,3BOCryrQ4hCBqRjcBi5oTZZT/3I=
-5,-59,bPbscUzZPtAwv63qMCSRiqX4Zzk=,5zIFqyU4g2LfcMdN22hokTJ6muQ=
-4,-61,bPbscUzZPtAwv63qMCSRiqX4Zzk=,3BOCryrQ4hCBqRjcBi5oTZZT/3I=
-3,-62,bPbscUzZPtAwv63qMCSRiqX4Zzk=,3BOCryrQ4hCBqRjcBi5oTZZT/3I=
-4,-62,bPbscUzZPtAwv63qMCSRiqX4Zzk=,3BOCryrQ4hCBqRjcBi5oTZZT/3I=
-5,-60,bPbscUzZPtAwv63qMCSRiqX4Zzk=,5zIFqyU4g2LfcMdN22hokTJ6muQ=
-6,-62,bPbscUzZPtAwv63qMCSRiqX4Zzk=,omU/6qDGZHiS5Uc8FXSC45WvdBc=
-6,-60,bPbscUzZPtAwv63qMCSRiqX4Zzk=,5zIFqyU4g2LfcMdN22hokTJ6muQ=
-3,-59,bPbscUzZPtAwv63qMCSRiqX4Zzk=,bM9Tmm9eyA10BIiH1/ZH89xkDD4=
-4,-59,bPbscUzZPtAwv63qMCSRiqX4Zzk=,bM9Tmm9eyA10BIiH1/ZH89xkDD4=
-6,-59,bPbscUzZPtAwv63qMCSRiqX4Zzk=,5zIFqyU4g2LfcMdN22hokTJ6muQ=
-6,-61,bPbscUzZPtAwv63qMCSRiqX4Zzk=,omU/6qDGZHiS5Uc8FXSC45WvdBc=
-5,-62,bPbscUzZPtAwv63qMCSRiqX4Zzk=,omU/6qDGZHiS5Uc8FXSC45WvdBc=
-3,-60,bPbscUzZPtAwv63qMCSRiqX4Zzk=,bM9Tmm9eyA10BIiH1/ZH89xkDD4=
-9,-55,OaKXb23K4ynKFXvVQVB36o+WW2U=,jZB6OXxeEPtTAZwklspcoC6X3wA=
-8,-58,OaKXb23K4ynKFXvVQVB36o+WW2U=,5zIFqyU4g2LfcMdN22hokTJ6muQ=
-7,-57,OaKXb23K4ynKFXvVQVB36o+WW2U=,5zIFqyU4g2LfcMdN22hokTJ6muQ=
-10,-58,OaKXb23K4ynKFXvVQVB36o+WW2U=,/HXGhBt8K/mZ7rFZv8k3npKR58Y=
-7,-58,OaKXb23K4ynKFXvVQVB36o+WW2U=,5zIFqyU4g2LfcMdN22hokTJ6muQ=
-10,-57,OaKXb23K4ynKFXvVQVB36o+WW2U=,/HXGhBt8K/mZ7rFZv8k3npKR58Y=
-8,-57,OaKXb23K4ynKFXvVQVB36o+WW2U=,5zIFqyU4g2LfcMdN22hokTJ6muQ=
-10,-55,OaKXb23K4ynKFXvVQVB36o+WW2U=,jZB6OXxeEPtTAZwklspcoC6X3wA=
-7,-56,OaKXb23K4ynKFXvVQVB36o+WW2U=,bHuEBav2nsrgikGbu9NeR3fyvcQ=
-8,-55,OaKXb23K4ynKFXvVQVB36o+WW2U=,bHuEBav2nsrgikGbu9NeR3fyvcQ=
-9,-58,OaKXb23K4ynKFXvVQVB36o+WW2U=,/HXGhBt8K/mZ7rFZv8k3npKR58Y=
-7,-55,OaKXb23K4ynKFXvVQVB36o+WW2U=,bHuEBav2nsrgikGbu9NeR3fyvcQ=
-8,-56,OaKXb23K4ynKFXvVQVB36o+WW2U=,bHuEBav2nsrgikGbu9NeR3fyvcQ=
-9,-57,OaKXb23K4ynKFXvVQVB36o+WW2U=,/HXGhBt8K/mZ7rFZv8k3npKR58Y=
-9,-56,OaKXb23K4ynKFXvVQVB36o+WW2U=,jZB6OXxeEPtTAZwklspcoC6X3wA=
-10,-56,OaKXb23K4ynKFXvVQVB36o+WW2U=,jZB6OXxeEPtTAZwklspcoC6X3wA=
-4,-58,oWZYDslj9uMJMzcYkPEdieSebfM=,bM9Tmm9eyA10BIiH1/ZH89xkDD4=
-5,-57,oWZYDslj9uMJMzcYkPEdieSebfM=,5zIFqyU4g2LfcMdN22hokTJ6muQ=
-6,-57,oWZYDslj9uMJMzcYkPEdieSebfM=,5zIFqyU4g2LfcMdN22hokTJ6muQ=
-5,-55,oWZYDslj9uMJMzcYkPEdieSebfM=,bHuEBav2nsrgikGbu9NeR3fyvcQ=
-3,-57,oWZYDslj9uMJMzcYkPEdieSebfM=,bM9Tmm9eyA10BIiH1/ZH89xkDD4=
-4,-57,oWZYDslj9uMJMzcYkPEdieSebfM=,bM9Tmm9eyA10BIiH1/ZH89xkDD4=
-5,-58,oWZYDslj9uMJMzcYkPEdieSebfM=,5zIFqyU4g2LfcMdN22hokTJ6muQ=
-4,-56,oWZYDslj9uMJMzcYkPEdieSebfM=,jSrq1NWSVoXyan4KQn5wdZbrvws=
-3,-58,oWZYDslj9uMJMzcYkPEdieSebfM=,bM9Tmm9eyA10BIiH1/ZH89xkDD4=
-6,-58,oWZYDslj9uMJMzcYkPEdieSebfM=,5zIFqyU4g2LfcMdN22hokTJ6muQ=
-4,-55,oWZYDslj9uMJMzcYkPEdieSebfM=,jSrq1NWSVoXyan4KQn5wdZbrvws=
-5,-56,oWZYDslj9uMJMzcYkPEdieSebfM=,bHuEBav2nsrgikGbu9NeR3fyvcQ=
-3,-56,oWZYDslj9uMJMzcYkPEdieSebfM=,jSrq1NWSVoXyan4KQn5wdZbrvws=
-3,-55,oWZYDslj9uMJMzcYkPEdieSebfM=,jSrq1NWSVoXyan4KQn5wdZbrvws=
-6,-56,oWZYDslj9uMJMzcYkPEdieSebfM=,bHuEBav2nsrgikGbu9NeR3fyvcQ=
-6,-55,oWZYDslj9uMJMzcYkPEdieSebfM=,bHuEBav2nsrgikGbu9NeR3fyvcQ=
-6,-51,oWZYDslj9uMJMzcYkPEdieSebfM=,GeY4trI3Mqy8QjmHYlkW+psjurQ=
-5,-53,oWZYDslj9uMJMzcYkPEdieSebfM=,bHuEBav2nsrgikGbu9NeR3fyvcQ=
-3,-52,oWZYDslj9uMJMzcYkPEdieSebfM=,CBh1cfRLFsAiR221GBflcHesBa0=
-6,-53,oWZYDslj9uMJMzcYkPEdieSebfM=,bHuEBav2nsrgikGbu9NeR3fyvcQ=
-10,-54,oWZYDslj9uMJMzcYkPEdieSebfM=,jZB6OXxeEPtTAZwklspcoC6X3wA=
-5,-52,oWZYDslj9uMJMzcYkPEdieSebfM=,GeY4trI3Mqy8QjmHYlkW+psjurQ=
-4,-52,oWZYDslj9uMJMzcYkPEdieSebfM=,CBh1cfRLFsAiR221GBflcHesBa0=
-9,-54,oWZYDslj9uMJMzcYkPEdieSebfM=,jZB6OXxeEPtTAZwklspcoC6X3wA=
-6,-52,oWZYDslj9uMJMzcYkPEdieSebfM=,GeY4trI3Mqy8QjmHYlkW+psjurQ=
-8,-53,GC5pB1TuvLhicdEIv1dm4laERkU=,bHuEBav2nsrgikGbu9NeR3fyvcQ=
-9,-52,GC5pB1TuvLhicdEIv1dm4laERkU=,gUKLVq//7WH5pPvaJjv7eGkMZFY=
-9,-51,GC5pB1TuvLhicdEIv1dm4laERkU=,gUKLVq//7WH5pPvaJjv7eGkMZFY=
-4,-54,GC5pB1TuvLhicdEIv1dm4laERkU=,jSrq1NWSVoXyan4KQn5wdZbrvws=
-8,-51,GC5pB1TuvLhicdEIv1dm4laERkU=,GeY4trI3Mqy8QjmHYlkW+psjurQ=
-7,-51,GC5pB1TuvLhicdEIv1dm4laERkU=,GeY4trI3Mqy8QjmHYlkW+psjurQ=
-3,-54,GC5pB1TuvLhicdEIv1dm4laERkU=,jSrq1NWSVoXyan4KQn5wdZbrvws=
-7,-53,GC5pB1TuvLhicdEIv1dm4laERkU=,bHuEBav2nsrgikGbu9NeR3fyvcQ=
-7,-52,GC5pB1TuvLhicdEIv1dm4laERkU=,GeY4trI3Mqy8QjmHYlkW+psjurQ=
-8,-52,GC5pB1TuvLhicdEIv1dm4laERkU=,GeY4trI3Mqy8QjmHYlkW+psjurQ=
-5,-54,GC5pB1TuvLhicdEIv1dm4laERkU=,bHuEBav2nsrgikGbu9NeR3fyvcQ=
-9,-53,GC5pB1TuvLhicdEIv1dm4laERkU=,jZB6OXxeEPtTAZwklspcoC6X3wA=
-3,-51,GC5pB1TuvLhicdEIv1dm4laERkU=,CBh1cfRLFsAiR221GBflcHesBa0=
-10,-53,GC5pB1TuvLhicdEIv1dm4laERkU=,jZB6OXxeEPtTAZwklspcoC6X3wA=
-8,-54,GC5pB1TuvLhicdEIv1dm4laERkU=,bHuEBav2nsrgikGbu9NeR3fyvcQ=
-4,-50,GC5pB1TuvLhicdEIv1dm4laERkU=,CBh1cfRLFsAiR221GBflcHesBa0=
-1,-53,GC5pB1TuvLhicdEIv1dm4laERkU=,jSrq1NWSVoXyan4KQn5wdZbrvws=
-2,-51,GC5pB1TuvLhicdEIv1dm4laERkU=,CBh1cfRLFsAiR221GBflcHesBa0=
-1,-54,GC5pB1TuvLhicdEIv1dm4laERkU=,jSrq1NWSVoXyan4KQn5wdZbrvws=
-3,-50,GC5pB1TuvLhicdEIv1dm4laERkU=,CBh1cfRLFsAiR221GBflcHesBa0=
-5,-49,GC5pB1TuvLhicdEIv1dm4laERkU=,GeY4trI3Mqy8QjmHYlkW+psjurQ=
-6,-49,GC5pB1TuvLhicdEIv1dm4laERkU=,GeY4trI3Mqy8QjmHYlkW+psjurQ=
-5,-50,GC5pB1TuvLhicdEIv1dm4laERkU=,GeY4trI3Mqy8QjmHYlkW+psjurQ=
-4,-49,GC5pB1TuvLhicdEIv1dm4laERkU=,CBh1cfRLFsAiR221GBflcHesBa0=
-1,-51,GC5pB1TuvLhicdEIv1dm4laERkU=,CBh1cfRLFsAiR221GBflcHesBa0=
-4,-53,GC5pB1TuvLhicdEIv1dm4laERkU=,jSrq1NWSVoXyan4KQn5wdZbrvws=
-6,-50,GC5pB1TuvLhicdEIv1dm4laERkU=,GeY4trI3Mqy8QjmHYlkW+psjurQ=
-2,-54,GC5pB1TuvLhicdEIv1dm4laERkU=,jSrq1NWSVoXyan4KQn5wdZbrvws=
-3,-49,GC5pB1TuvLhicdEIv1dm4laERkU=,CBh1cfRLFsAiR221GBflcHesBa0=
-4,-51,GC5pB1TuvLhicdEIv1dm4laERkU=,CBh1cfRLFsAiR221GBflcHesBa0=
-2,-53,GC5pB1TuvLhicdEIv1dm4laERkU=,jSrq1NWSVoXyan4KQn5wdZbrvws=
-10,-51,GC5pB1TuvLhicdEIv1dm4laERkU=,gUKLVq//7WH5pPvaJjv7eGkMZFY=
-2,-52,GC5pB1TuvLhicdEIv1dm4laERkU=,CBh1cfRLFsAiR221GBflcHesBa0=
-1,-52,GC5pB1TuvLhicdEIv1dm4laERkU=,CBh1cfRLFsAiR221GBflcHesBa0=
-7,-54,GC5pB1TuvLhicdEIv1dm4laERkU=,bHuEBav2nsrgikGbu9NeR3fyvcQ=
-3,-53,GC5pB1TuvLhicdEIv1dm4laERkU=,jSrq1NWSVoXyan4KQn5wdZbrvws=
-6,-54,GC5pB1TuvLhicdEIv1dm4laERkU=,bHuEBav2nsrgikGbu9NeR3fyvcQ=
-10,-52,GC5pB1TuvLhicdEIv1dm4laERkU=,gUKLVq//7WH5pPvaJjv7eGkMZFY=
-5,-51,GC5pB1TuvLhicdEIv1dm4laERkU=,GeY4trI3Mqy8QjmHYlkW+psjurQ=
-9,-49,GC5pB1TuvLhicdEIv1dm4laERkU=,gUKLVq//7WH5pPvaJjv7eGkMZFY=
-10,-49,GC5pB1TuvLhicdEIv1dm4laERkU=,gUKLVq//7WH5pPvaJjv7eGkMZFY=
-8,-49,GC5pB1TuvLhicdEIv1dm4laERkU=,GeY4trI3Mqy8QjmHYlkW+psjurQ=
-10,-50,GC5pB1TuvLhicdEIv1dm4laERkU=,gUKLVq//7WH5pPvaJjv7eGkMZFY=
-9,-50,GC5pB1TuvLhicdEIv1dm4laERkU=,gUKLVq//7WH5pPvaJjv7eGkMZFY=
-7,-49,GC5pB1TuvLhicdEIv1dm4laERkU=,GeY4trI3Mqy8QjmHYlkW+psjurQ=
-8,-50,GC5pB1TuvLhicdEIv1dm4laERkU=,GeY4trI3Mqy8QjmHYlkW+psjurQ=
-7,-50,GC5pB1TuvLhicdEIv1dm4laERkU=,GeY4trI3Mqy8QjmHYlkW+psjurQ=
-12,-50,02m77mSgQ6hDZ7u19JdNouQCuVw=,gUKLVq//7WH5pPvaJjv7eGkMZFY=
-13,-49,02m77mSgQ6hDZ7u19JdNouQCuVw=,tjtjQhKr2Y7nZAK4ONIbPPRsiwA=
-14,-49,02m77mSgQ6hDZ7u19JdNouQCuVw=,tjtjQhKr2Y7nZAK4ONIbPPRsiwA=
-13,-50,02m77mSgQ6hDZ7u19JdNouQCuVw=,tjtjQhKr2Y7nZAK4ONIbPPRsiwA=
-12,-49,02m77mSgQ6hDZ7u19JdNouQCuVw=,gUKLVq//7WH5pPvaJjv7eGkMZFY=
-11,-50,02m77mSgQ6hDZ7u19JdNouQCuVw=,gUKLVq//7WH5pPvaJjv7eGkMZFY=
-14,-50,02m77mSgQ6hDZ7u19JdNouQCuVw=,tjtjQhKr2Y7nZAK4ONIbPPRsiwA=
-11,-49,02m77mSgQ6hDZ7u19JdNouQCuVw=,gUKLVq//7WH5pPvaJjv7eGkMZFY=
-15,-53,02m77mSgQ6hDZ7u19JdNouQCuVw=,oaktuxypido2axv9vpwEmD3D5oo=
-16,-53,02m77mSgQ6hDZ7u19JdNouQCuVw=,oaktuxypido2axv9vpwEmD3D5oo=
-16,-52,02m77mSgQ6hDZ7u19JdNouQCuVw=,tjtjQhKr2Y7nZAK4ONIbPPRsiwA=
-15,-52,02m77mSgQ6hDZ7u19JdNouQCuVw=,tjtjQhKr2Y7nZAK4ONIbPPRsiwA=
-15,-51,02m77mSgQ6hDZ7u19JdNouQCuVw=,tjtjQhKr2Y7nZAK4ONIbPPRsiwA=
-16,-54,02m77mSgQ6hDZ7u19JdNouQCuVw=,oaktuxypido2axv9vpwEmD3D5oo=
-16,-51,02m77mSgQ6hDZ7u19JdNouQCuVw=,tjtjQhKr2Y7nZAK4ONIbPPRsiwA=
-15,-54,02m77mSgQ6hDZ7u19JdNouQCuVw=,oaktuxypido2axv9vpwEmD3D5oo=
-15,-55,02m77mSgQ6hDZ7u19JdNouQCuVw=,oaktuxypido2axv9vpwEmD3D5oo=
-15,-56,02m77mSgQ6hDZ7u19JdNouQCuVw=,oaktuxypido2axv9vpwEmD3D5oo=
-15,-58,02m77mSgQ6hDZ7u19JdNouQCuVw=,unOYhebMBA9xcvgp8xlTH9QK5TY=
-16,-58,02m77mSgQ6hDZ7u19JdNouQCuVw=,unOYhebMBA9xcvgp8xlTH9QK5TY=
-16,-56,02m77mSgQ6hDZ7u19JdNouQCuVw=,oaktuxypido2axv9vpwEmD3D5oo=
-15,-57,02m77mSgQ6hDZ7u19JdNouQCuVw=,unOYhebMBA9xcvgp8xlTH9QK5TY=
-16,-55,02m77mSgQ6hDZ7u19JdNouQCuVw=,oaktuxypido2axv9vpwEmD3D5oo=
-16,-57,02m77mSgQ6hDZ7u19JdNouQCuVw=,unOYhebMBA9xcvgp8xlTH9QK5TY=
-8,-64,+yYLiyRQleuTdJe03uNI0e3AFtM=,omU/6qDGZHiS5Uc8FXSC45WvdBc=
-5,-64,+yYLiyRQleuTdJe03uNI0e3AFtM=,omU/6qDGZHiS5Uc8FXSC45WvdBc=
-5,-63,+yYLiyRQleuTdJe03uNI0e3AFtM=,omU/6qDGZHiS5Uc8FXSC45WvdBc=
-4,-63,+yYLiyRQleuTdJe03uNI0e3AFtM=,3BOCryrQ4hCBqRjcBi5oTZZT/3I=
-6,-64,+yYLiyRQleuTdJe03uNI0e3AFtM=,omU/6qDGZHiS5Uc8FXSC45WvdBc=
-3,-64,+yYLiyRQleuTdJe03uNI0e3AFtM=,3BOCryrQ4hCBqRjcBi5oTZZT/3I=
-8,-63,+yYLiyRQleuTdJe03uNI0e3AFtM=,omU/6qDGZHiS5Uc8FXSC45WvdBc=
-7,-64,+yYLiyRQleuTdJe03uNI0e3AFtM=,omU/6qDGZHiS5Uc8FXSC45WvdBc=
-7,-63,+yYLiyRQleuTdJe03uNI0e3AFtM=,omU/6qDGZHiS5Uc8FXSC45WvdBc=
-9,-63,+yYLiyRQleuTdJe03uNI0e3AFtM=,OADeUJBFczkIzei9AVFNT36ODyM=
-3,-63,+yYLiyRQleuTdJe03uNI0e3AFtM=,3BOCryrQ4hCBqRjcBi5oTZZT/3I=
-4,-64,+yYLiyRQleuTdJe03uNI0e3AFtM=,3BOCryrQ4hCBqRjcBi5oTZZT/3I=
-10,-64,+yYLiyRQleuTdJe03uNI0e3AFtM=,OADeUJBFczkIzei9AVFNT36ODyM=
-6,-63,+yYLiyRQleuTdJe03uNI0e3AFtM=,omU/6qDGZHiS5Uc8FXSC45WvdBc=
-10,-63,+yYLiyRQleuTdJe03uNI0e3AFtM=,OADeUJBFczkIzei9AVFNT36ODyM=
-9,-64,+yYLiyRQleuTdJe03uNI0e3AFtM=,OADeUJBFczkIzei9AVFNT36ODyM=
-15,-50,+yYLiyRQleuTdJe03uNI0e3AFtM=,tjtjQhKr2Y7nZAK4ONIbPPRsiwA=
-15,-49,+yYLiyRQleuTdJe03uNI0e3AFtM=,tjtjQhKr2Y7nZAK4ONIbPPRsiwA=
-16,-49,+yYLiyRQleuTdJe03uNI0e3AFtM=,tjtjQhKr2Y7nZAK4ONIbPPRsiwA=
-16,-50,+yYLiyRQleuTdJe03uNI0e3AFtM=,tjtjQhKr2Y7nZAK4ONIbPPRsiwA=
-2,-63,+yYLiyRQleuTdJe03uNI0e3AFtM=,3BOCryrQ4hCBqRjcBi5oTZZT/3I=
-2,-64,+yYLiyRQleuTdJe03uNI0e3AFtM=,3BOCryrQ4hCBqRjcBi5oTZZT/3I=
-1,-64,+yYLiyRQleuTdJe03uNI0e3AFtM=,3BOCryrQ4hCBqRjcBi5oTZZT/3I=
-1,-63,+yYLiyRQleuTdJe03uNI0e3AFtM=,3BOCryrQ4hCBqRjcBi5oTZZT/3I=
-2,-50,+yYLiyRQleuTdJe03uNI0e3AFtM=,CBh1cfRLFsAiR221GBflcHesBa0=
-1,-50,+yYLiyRQleuTdJe03uNI0e3AFtM=,CBh1cfRLFsAiR221GBflcHesBa0=
-1,-49,+yYLiyRQleuTdJe03uNI0e3AFtM=,CBh1cfRLFsAiR221GBflcHesBa0=
-2,-49,+yYLiyRQleuTdJe03uNI0e3AFtM=,CBh1cfRLFsAiR221GBflcHesBa0=
-2,-60,+yYLiyRQleuTdJe03uNI0e3AFtM=,bM9Tmm9eyA10BIiH1/ZH89xkDD4=
-1,-55,+yYLiyRQleuTdJe03uNI0e3AFtM=,jSrq1NWSVoXyan4KQn5wdZbrvws=
-1,-57,+yYLiyRQleuTdJe03uNI0e3AFtM=,bM9Tmm9eyA10BIiH1/ZH89xkDD4=
-1,-58,+yYLiyRQleuTdJe03uNI0e3AFtM=,bM9Tmm9eyA10BIiH1/ZH89xkDD4=
-2,-61,+yYLiyRQleuTdJe03uNI0e3AFtM=,3BOCryrQ4hCBqRjcBi5oTZZT/3I=
-2,-58,+yYLiyRQleuTdJe03uNI0e3AFtM=,bM9Tmm9eyA10BIiH1/ZH89xkDD4=
-2,-57,+yYLiyRQleuTdJe03uNI0e3AFtM=,bM9Tmm9eyA10BIiH1/ZH89xkDD4=
-1,-61,+yYLiyRQleuTdJe03uNI0e3AFtM=,3BOCryrQ4hCBqRjcBi5oTZZT/3I=
-1,-60,+yYLiyRQleuTdJe03uNI0e3AFtM=,bM9Tmm9eyA10BIiH1/ZH89xkDD4=
-2,-59,+yYLiyRQleuTdJe03uNI0e3AFtM=,bM9Tmm9eyA10BIiH1/ZH89xkDD4=
-1,-62,+yYLiyRQleuTdJe03uNI0e3AFtM=,3BOCryrQ4hCBqRjcBi5oTZZT/3I=
-1,-56,+yYLiyRQleuTdJe03uNI0e3AFtM=,jSrq1NWSVoXyan4KQn5wdZbrvws=
-2,-56,+yYLiyRQleuTdJe03uNI0e3AFtM=,jSrq1NWSVoXyan4KQn5wdZbrvws=
-2,-55,+yYLiyRQleuTdJe03uNI0e3AFtM=,jSrq1NWSVoXyan4KQn5wdZbrvws=
-2,-62,+yYLiyRQleuTdJe03uNI0e3AFtM=,3BOCryrQ4hCBqRjcBi5oTZZT/3I=
-1,-59,+yYLiyRQleuTdJe03uNI0e3AFtM=,bM9Tmm9eyA10BIiH1/ZH89xkDD4=
-16,-61,Mfv49dwkQItqH/pHc1/kzQKtLVs=,OqB3BHNuplboLwz/R80VVTgmQeI=
-14,-61,Mfv49dwkQItqH/pHc1/kzQKtLVs=,OqB3BHNuplboLwz/R80VVTgmQeI=
-15,-61,Mfv49dwkQItqH/pHc1/kzQKtLVs=,OqB3BHNuplboLwz/R80VVTgmQeI=
-13,-62,Mfv49dwkQItqH/pHc1/kzQKtLVs=,OqB3BHNuplboLwz/R80VVTgmQeI=
-16,-62,Mfv49dwkQItqH/pHc1/kzQKtLVs=,OqB3BHNuplboLwz/R80VVTgmQeI=
-11,-62,Mfv49dwkQItqH/pHc1/kzQKtLVs=,OADeUJBFczkIzei9AVFNT36ODyM=
-12,-62,Mfv49dwkQItqH/pHc1/kzQKtLVs=,OADeUJBFczkIzei9AVFNT36ODyM=
-13,-59,Mfv49dwkQItqH/pHc1/kzQKtLVs=,unOYhebMBA9xcvgp8xlTH9QK5TY=
-15,-62,Mfv49dwkQItqH/pHc1/kzQKtLVs=,OqB3BHNuplboLwz/R80VVTgmQeI=
-13,-63,Mfv49dwkQItqH/pHc1/kzQKtLVs=,OqB3BHNuplboLwz/R80VVTgmQeI=
-15,-59,Mfv49dwkQItqH/pHc1/kzQKtLVs=,unOYhebMBA9xcvgp8xlTH9QK5TY=
-16,-59,Mfv49dwkQItqH/pHc1/kzQKtLVs=,unOYhebMBA9xcvgp8xlTH9QK5TY=
-13,-61,Mfv49dwkQItqH/pHc1/kzQKtLVs=,OqB3BHNuplboLwz/R80VVTgmQeI=
-14,-63,Mfv49dwkQItqH/pHc1/kzQKtLVs=,OqB3BHNuplboLwz/R80VVTgmQeI=
-12,-61,Mfv49dwkQItqH/pHc1/kzQKtLVs=,OADeUJBFczkIzei9AVFNT36ODyM=
-11,-61,Mfv49dwkQItqH/pHc1/kzQKtLVs=,OADeUJBFczkIzei9AVFNT36ODyM=
-15,-63,Mfv49dwkQItqH/pHc1/kzQKtLVs=,OqB3BHNuplboLwz/R80VVTgmQeI=
-11,-59,Mfv49dwkQItqH/pHc1/kzQKtLVs=,/HXGhBt8K/mZ7rFZv8k3npKR58Y=
-16,-63,Mfv49dwkQItqH/pHc1/kzQKtLVs=,OqB3BHNuplboLwz/R80VVTgmQeI=
-14,-59,Mfv49dwkQItqH/pHc1/kzQKtLVs=,unOYhebMBA9xcvgp8xlTH9QK5TY=
-14,-60,Mfv49dwkQItqH/pHc1/kzQKtLVs=,unOYhebMBA9xcvgp8xlTH9QK5TY=
-14,-64,Mfv49dwkQItqH/pHc1/kzQKtLVs=,OqB3BHNuplboLwz/R80VVTgmQeI=
-15,-64,Mfv49dwkQItqH/pHc1/kzQKtLVs=,OqB3BHNuplboLwz/R80VVTgmQeI=
-15,-60,Mfv49dwkQItqH/pHc1/kzQKtLVs=,unOYhebMBA9xcvgp8xlTH9QK5TY=
-12,-60,Mfv49dwkQItqH/pHc1/kzQKtLVs=,/HXGhBt8K/mZ7rFZv8k3npKR58Y=
-11,-64,Mfv49dwkQItqH/pHc1/kzQKtLVs=,OADeUJBFczkIzei9AVFNT36ODyM=
-12,-59,Mfv49dwkQItqH/pHc1/kzQKtLVs=,/HXGhBt8K/mZ7rFZv8k3npKR58Y=
-16,-60,Mfv49dwkQItqH/pHc1/kzQKtLVs=,unOYhebMBA9xcvgp8xlTH9QK5TY=
-11,-60,Mfv49dwkQItqH/pHc1/kzQKtLVs=,/HXGhBt8K/mZ7rFZv8k3npKR58Y=
-11,-63,Mfv49dwkQItqH/pHc1/kzQKtLVs=,OADeUJBFczkIzei9AVFNT36ODyM=
-12,-64,Mfv49dwkQItqH/pHc1/kzQKtLVs=,OADeUJBFczkIzei9AVFNT36ODyM=
-14,-62,Mfv49dwkQItqH/pHc1/kzQKtLVs=,OqB3BHNuplboLwz/R80VVTgmQeI=
-13,-60,Mfv49dwkQItqH/pHc1/kzQKtLVs=,unOYhebMBA9xcvgp8xlTH9QK5TY=
-16,-64,Mfv49dwkQItqH/pHc1/kzQKtLVs=,OqB3BHNuplboLwz/R80VVTgmQeI=
-13,-64,Mfv49dwkQItqH/pHc1/kzQKtLVs=,OqB3BHNuplboLwz/R80VVTgmQeI=
-12,-63,Mfv49dwkQItqH/pHc1/kzQKtLVs=,OADeUJBFczkIzei9AVFNT36ODyM=
-28,-52,NVhRyv+e9UblVE5tPgJHCKFwsSU=,I065JEiUPFjIP1qahaWroMuS5B8=
-27,-54,NVhRyv+e9UblVE5tPgJHCKFwsSU=,F4mhJPlRY8bcrwcWUBQlMwbhEvc=
-27,-53,NVhRyv+e9UblVE5tPgJHCKFwsSU=,F4mhJPlRY8bcrwcWUBQlMwbhEvc=
-30,-53,NVhRyv+e9UblVE5tPgJHCKFwsSU=,Vpll3CX6OP3w4qBLwOLaHnnKyI8=
-30,-54,NVhRyv+e9UblVE5tPgJHCKFwsSU=,Vpll3CX6OP3w4qBLwOLaHnnKyI8=
-30,-51,NVhRyv+e9UblVE5tPgJHCKFwsSU=,DXPXf+4zB/+VPSo0U0Q+rl46fE4=
-27,-52,NVhRyv+e9UblVE5tPgJHCKFwsSU=,I065JEiUPFjIP1qahaWroMuS5B8=
-28,-53,NVhRyv+e9UblVE5tPgJHCKFwsSU=,F4mhJPlRY8bcrwcWUBQlMwbhEvc=
-29,-53,NVhRyv+e9UblVE5tPgJHCKFwsSU=,Vpll3CX6OP3w4qBLwOLaHnnKyI8=
-30,-52,NVhRyv+e9UblVE5tPgJHCKFwsSU=,DXPXf+4zB/+VPSo0U0Q+rl46fE4=
-27,-51,NVhRyv+e9UblVE5tPgJHCKFwsSU=,I065JEiUPFjIP1qahaWroMuS5B8=
-28,-51,NVhRyv+e9UblVE5tPgJHCKFwsSU=,I065JEiUPFjIP1qahaWroMuS5B8=
-28,-54,NVhRyv+e9UblVE5tPgJHCKFwsSU=,F4mhJPlRY8bcrwcWUBQlMwbhEvc=
-29,-51,NVhRyv+e9UblVE5tPgJHCKFwsSU=,DXPXf+4zB/+VPSo0U0Q+rl46fE4=
-29,-52,NVhRyv+e9UblVE5tPgJHCKFwsSU=,DXPXf+4zB/+VPSo0U0Q+rl46fE4=
-29,-54,NVhRyv+e9UblVE5tPgJHCKFwsSU=,Vpll3CX6OP3w4qBLwOLaHnnKyI8=
-25,-53,Jz1X8/NYEvpn6CYPfIXHWkSzKEw=,F4mhJPlRY8bcrwcWUBQlMwbhEvc=
-26,-53,Jz1X8/NYEvpn6CYPfIXHWkSzKEw=,F4mhJPlRY8bcrwcWUBQlMwbhEvc=
-23,-51,Jz1X8/NYEvpn6CYPfIXHWkSzKEw=,0Xi5+WhuqngTo842ofyLnko2Dz0=
-26,-54,Jz1X8/NYEvpn6CYPfIXHWkSzKEw=,F4mhJPlRY8bcrwcWUBQlMwbhEvc=
-24,-53,Jz1X8/NYEvpn6CYPfIXHWkSzKEw=,OxAx/JYkya7NjBY9u+zKcEi7gCg=
-25,-54,Jz1X8/NYEvpn6CYPfIXHWkSzKEw=,F4mhJPlRY8bcrwcWUBQlMwbhEvc=
-24,-52,Jz1X8/NYEvpn6CYPfIXHWkSzKEw=,0Xi5+WhuqngTo842ofyLnko2Dz0=
-24,-54,Jz1X8/NYEvpn6CYPfIXHWkSzKEw=,OxAx/JYkya7NjBY9u+zKcEi7gCg=
-26,-51,Jz1X8/NYEvpn6CYPfIXHWkSzKEw=,I065JEiUPFjIP1qahaWroMuS5B8=
-23,-52,Jz1X8/NYEvpn6CYPfIXHWkSzKEw=,0Xi5+WhuqngTo842ofyLnko2Dz0=
-25,-52,Jz1X8/NYEvpn6CYPfIXHWkSzKEw=,I065JEiUPFjIP1qahaWroMuS5B8=
-26,-52,Jz1X8/NYEvpn6CYPfIXHWkSzKEw=,I065JEiUPFjIP1qahaWroMuS5B8=
-25,-51,Jz1X8/NYEvpn6CYPfIXHWkSzKEw=,I065JEiUPFjIP1qahaWroMuS5B8=
-23,-53,Jz1X8/NYEvpn6CYPfIXHWkSzKEw=,OxAx/JYkya7NjBY9u+zKcEi7gCg=
-23,-54,Jz1X8/NYEvpn6CYPfIXHWkSzKEw=,OxAx/JYkya7NjBY9u+zKcEi7gCg=
-24,-51,Jz1X8/NYEvpn6CYPfIXHWkSzKEw=,0Xi5+WhuqngTo842ofyLnko2Dz0=
-26,-58,yX8Ss63J93yY53hIEkoYnP9RDGM=,+vYGBAh/ZlMXZASyDavMw9g8GGA=
-23,-57,yX8Ss63J93yY53hIEkoYnP9RDGM=,jsARKftQsH6CKFBb7VMdc+K6TnI=
-24,-58,yX8Ss63J93yY53hIEkoYnP9RDGM=,jsARKftQsH6CKFBb7VMdc+K6TnI=
-23,-58,yX8Ss63J93yY53hIEkoYnP9RDGM=,jsARKftQsH6CKFBb7VMdc+K6TnI=
-26,-55,yX8Ss63J93yY53hIEkoYnP9RDGM=,F4mhJPlRY8bcrwcWUBQlMwbhEvc=
-25,-56,yX8Ss63J93yY53hIEkoYnP9RDGM=,F4mhJPlRY8bcrwcWUBQlMwbhEvc=
-26,-56,yX8Ss63J93yY53hIEkoYnP9RDGM=,F4mhJPlRY8bcrwcWUBQlMwbhEvc=
-23,-56,yX8Ss63J93yY53hIEkoYnP9RDGM=,OxAx/JYkya7NjBY9u+zKcEi7gCg=
-25,-55,yX8Ss63J93yY53hIEkoYnP9RDGM=,F4mhJPlRY8bcrwcWUBQlMwbhEvc=
-24,-57,yX8Ss63J93yY53hIEkoYnP9RDGM=,jsARKftQsH6CKFBb7VMdc+K6TnI=
-24,-55,yX8Ss63J93yY53hIEkoYnP9RDGM=,OxAx/JYkya7NjBY9u+zKcEi7gCg=
-25,-57,yX8Ss63J93yY53hIEkoYnP9RDGM=,+vYGBAh/ZlMXZASyDavMw9g8GGA=
-25,-58,yX8Ss63J93yY53hIEkoYnP9RDGM=,+vYGBAh/ZlMXZASyDavMw9g8GGA=
-23,-55,yX8Ss63J93yY53hIEkoYnP9RDGM=,OxAx/JYkya7NjBY9u+zKcEi7gCg=
-24,-56,yX8Ss63J93yY53hIEkoYnP9RDGM=,OxAx/JYkya7NjBY9u+zKcEi7gCg=
-26,-57,yX8Ss63J93yY53hIEkoYnP9RDGM=,+vYGBAh/ZlMXZASyDavMw9g8GGA=
-20,-58,7vkPWA/YXLno08qDhCfapJcsWPc=,7pfS2GHZh5TtR2HxuUdUBpfv4w8=
-21,-57,7vkPWA/YXLno08qDhCfapJcsWPc=,jsARKftQsH6CKFBb7VMdc+K6TnI=
-21,-58,7vkPWA/YXLno08qDhCfapJcsWPc=,jsARKftQsH6CKFBb7VMdc+K6TnI=
-21,-55,7vkPWA/YXLno08qDhCfapJcsWPc=,OxAx/JYkya7NjBY9u+zKcEi7gCg=
-19,-58,7vkPWA/YXLno08qDhCfapJcsWPc=,7pfS2GHZh5TtR2HxuUdUBpfv4w8=
-20,-56,7vkPWA/YXLno08qDhCfapJcsWPc=,kmMx4/KxMxNiIUtYEJBT6yGmSec=
-22,-56,7vkPWA/YXLno08qDhCfapJcsWPc=,OxAx/JYkya7NjBY9u+zKcEi7gCg=
-22,-55,7vkPWA/YXLno08qDhCfapJcsWPc=,OxAx/JYkya7NjBY9u+zKcEi7gCg=
-19,-56,7vkPWA/YXLno08qDhCfapJcsWPc=,kmMx4/KxMxNiIUtYEJBT6yGmSec=
-22,-57,7vkPWA/YXLno08qDhCfapJcsWPc=,jsARKftQsH6CKFBb7VMdc+K6TnI=
-20,-55,7vkPWA/YXLno08qDhCfapJcsWPc=,kmMx4/KxMxNiIUtYEJBT6yGmSec=
-19,-55,7vkPWA/YXLno08qDhCfapJcsWPc=,kmMx4/KxMxNiIUtYEJBT6yGmSec=
-20,-57,7vkPWA/YXLno08qDhCfapJcsWPc=,7pfS2GHZh5TtR2HxuUdUBpfv4w8=
-19,-57,7vkPWA/YXLno08qDhCfapJcsWPc=,7pfS2GHZh5TtR2HxuUdUBpfv4w8=
-21,-56,7vkPWA/YXLno08qDhCfapJcsWPc=,OxAx/JYkya7NjBY9u+zKcEi7gCg=
-22,-58,7vkPWA/YXLno08qDhCfapJcsWPc=,jsARKftQsH6CKFBb7VMdc+K6TnI=
-25,-60,aFzDItLR5XpWg1Me6QIjNZdded0=,+vYGBAh/ZlMXZASyDavMw9g8GGA=
-26,-60,aFzDItLR5XpWg1Me6QIjNZdded0=,+vYGBAh/ZlMXZASyDavMw9g8GGA=
-23,-59,aFzDItLR5XpWg1Me6QIjNZdded0=,jsARKftQsH6CKFBb7VMdc+K6TnI=
-23,-61,aFzDItLR5XpWg1Me6QIjNZdded0=,3PSiSOZa4qMZV5TZ8Xuv7d4Qmkc=
-26,-62,aFzDItLR5XpWg1Me6QIjNZdded0=,EyChCWU5ialfkrSEpqBDXPz3U9Q=
-25,-61,aFzDItLR5XpWg1Me6QIjNZdded0=,EyChCWU5ialfkrSEpqBDXPz3U9Q=
-24,-61,aFzDItLR5XpWg1Me6QIjNZdded0=,3PSiSOZa4qMZV5TZ8Xuv7d4Qmkc=
-25,-62,aFzDItLR5XpWg1Me6QIjNZdded0=,EyChCWU5ialfkrSEpqBDXPz3U9Q=
-23,-62,aFzDItLR5XpWg1Me6QIjNZdded0=,3PSiSOZa4qMZV5TZ8Xuv7d4Qmkc=
-24,-62,aFzDItLR5XpWg1Me6QIjNZdded0=,3PSiSOZa4qMZV5TZ8Xuv7d4Qmkc=
-24,-59,aFzDItLR5XpWg1Me6QIjNZdded0=,jsARKftQsH6CKFBb7VMdc+K6TnI=
-26,-59,aFzDItLR5XpWg1Me6QIjNZdded0=,+vYGBAh/ZlMXZASyDavMw9g8GGA=
-26,-61,aFzDItLR5XpWg1Me6QIjNZdded0=,EyChCWU5ialfkrSEpqBDXPz3U9Q=
-23,-60,aFzDItLR5XpWg1Me6QIjNZdded0=,jsARKftQsH6CKFBb7VMdc+K6TnI=
-25,-59,aFzDItLR5XpWg1Me6QIjNZdded0=,+vYGBAh/ZlMXZASyDavMw9g8GGA=
-24,-60,aFzDItLR5XpWg1Me6QIjNZdded0=,jsARKftQsH6CKFBb7VMdc+K6TnI=
-17,-55,aFzDItLR5XpWg1Me6QIjNZdded0=,kmMx4/KxMxNiIUtYEJBT6yGmSec=
-18,-57,aFzDItLR5XpWg1Me6QIjNZdded0=,7pfS2GHZh5TtR2HxuUdUBpfv4w8=
-18,-56,aFzDItLR5XpWg1Me6QIjNZdded0=,kmMx4/KxMxNiIUtYEJBT6yGmSec=
-17,-57,aFzDItLR5XpWg1Me6QIjNZdded0=,7pfS2GHZh5TtR2HxuUdUBpfv4w8=
-17,-58,aFzDItLR5XpWg1Me6QIjNZdded0=,7pfS2GHZh5TtR2HxuUdUBpfv4w8=
-18,-55,aFzDItLR5XpWg1Me6QIjNZdded0=,kmMx4/KxMxNiIUtYEJBT6yGmSec=
-18,-58,aFzDItLR5XpWg1Me6QIjNZdded0=,7pfS2GHZh5TtR2HxuUdUBpfv4w8=
-17,-56,aFzDItLR5XpWg1Me6QIjNZdded0=,kmMx4/KxMxNiIUtYEJBT6yGmSec=
-25,-49,DYcLTnQEF03EmiV2IfIBY/Xu4Jk=,I065JEiUPFjIP1qahaWroMuS5B8=
-24,-49,DYcLTnQEF03EmiV2IfIBY/Xu4Jk=,0Xi5+WhuqngTo842ofyLnko2Dz0=
-26,-49,DYcLTnQEF03EmiV2IfIBY/Xu4Jk=,I065JEiUPFjIP1qahaWroMuS5B8=
-23,-49,DYcLTnQEF03EmiV2IfIBY/Xu4Jk=,0Xi5+WhuqngTo842ofyLnko2Dz0=
-25,-50,DYcLTnQEF03EmiV2IfIBY/Xu4Jk=,I065JEiUPFjIP1qahaWroMuS5B8=
-26,-50,DYcLTnQEF03EmiV2IfIBY/Xu4Jk=,I065JEiUPFjIP1qahaWroMuS5B8=
-24,-50,DYcLTnQEF03EmiV2IfIBY/Xu4Jk=,0Xi5+WhuqngTo842ofyLnko2Dz0=
-23,-50,DYcLTnQEF03EmiV2IfIBY/Xu4Jk=,0Xi5+WhuqngTo842ofyLnko2Dz0=
-17,-63,nDC7pZeZtju9bu5OzJ6a7pBr+q4=,qwHVZ8miO5qzDY19IN8Fv5gUHK4=
-22,-64,nDC7pZeZtju9bu5OzJ6a7pBr+q4=,3PSiSOZa4qMZV5TZ8Xuv7d4Qmkc=
-19,-63,nDC7pZeZtju9bu5OzJ6a7pBr+q4=,qwHVZ8miO5qzDY19IN8Fv5gUHK4=
-18,-63,nDC7pZeZtju9bu5OzJ6a7pBr+q4=,qwHVZ8miO5qzDY19IN8Fv5gUHK4=
-20,-63,nDC7pZeZtju9bu5OzJ6a7pBr+q4=,qwHVZ8miO5qzDY19IN8Fv5gUHK4=
-21,-59,nDC7pZeZtju9bu5OzJ6a7pBr+q4=,jsARKftQsH6CKFBb7VMdc+K6TnI=
-22,-59,nDC7pZeZtju9bu5OzJ6a7pBr+q4=,jsARKftQsH6CKFBb7VMdc+K6TnI=
-18,-64,nDC7pZeZtju9bu5OzJ6a7pBr+q4=,qwHVZ8miO5qzDY19IN8Fv5gUHK4=
-21,-60,nDC7pZeZtju9bu5OzJ6a7pBr+q4=,jsARKftQsH6CKFBb7VMdc+K6TnI=
-22,-60,nDC7pZeZtju9bu5OzJ6a7pBr+q4=,jsARKftQsH6CKFBb7VMdc+K6TnI=
-20,-64,nDC7pZeZtju9bu5OzJ6a7pBr+q4=,qwHVZ8miO5qzDY19IN8Fv5gUHK4=
-22,-61,nDC7pZeZtju9bu5OzJ6a7pBr+q4=,3PSiSOZa4qMZV5TZ8Xuv7d4Qmkc=
-18,-62,nDC7pZeZtju9bu5OzJ6a7pBr+q4=,qwHVZ8miO5qzDY19IN8Fv5gUHK4=
-17,-62,nDC7pZeZtju9bu5OzJ6a7pBr+q4=,qwHVZ8miO5qzDY19IN8Fv5gUHK4=
-19,-59,nDC7pZeZtju9bu5OzJ6a7pBr+q4=,7pfS2GHZh5TtR2HxuUdUBpfv4w8=
-18,-61,nDC7pZeZtju9bu5OzJ6a7pBr+q4=,qwHVZ8miO5qzDY19IN8Fv5gUHK4=
-18,-59,nDC7pZeZtju9bu5OzJ6a7pBr+q4=,7pfS2GHZh5TtR2HxuUdUBpfv4w8=
-19,-61,nDC7pZeZtju9bu5OzJ6a7pBr+q4=,qwHVZ8miO5qzDY19IN8Fv5gUHK4=
-17,-64,nDC7pZeZtju9bu5OzJ6a7pBr+q4=,qwHVZ8miO5qzDY19IN8Fv5gUHK4=
-18,-60,nDC7pZeZtju9bu5OzJ6a7pBr+q4=,7pfS2GHZh5TtR2HxuUdUBpfv4w8=
-17,-60,nDC7pZeZtju9bu5OzJ6a7pBr+q4=,7pfS2GHZh5TtR2HxuUdUBpfv4w8=
-20,-60,nDC7pZeZtju9bu5OzJ6a7pBr+q4=,7pfS2GHZh5TtR2HxuUdUBpfv4w8=
-21,-63,nDC7pZeZtju9bu5OzJ6a7pBr+q4=,3PSiSOZa4qMZV5TZ8Xuv7d4Qmkc=
-19,-64,nDC7pZeZtju9bu5OzJ6a7pBr+q4=,qwHVZ8miO5qzDY19IN8Fv5gUHK4=
-20,-59,nDC7pZeZtju9bu5OzJ6a7pBr+q4=,7pfS2GHZh5TtR2HxuUdUBpfv4w8=
-21,-61,nDC7pZeZtju9bu5OzJ6a7pBr+q4=,3PSiSOZa4qMZV5TZ8Xuv7d4Qmkc=
-21,-62,nDC7pZeZtju9bu5OzJ6a7pBr+q4=,3PSiSOZa4qMZV5TZ8Xuv7d4Qmkc=
-19,-62,nDC7pZeZtju9bu5OzJ6a7pBr+q4=,qwHVZ8miO5qzDY19IN8Fv5gUHK4=
-22,-63,nDC7pZeZtju9bu5OzJ6a7pBr+q4=,3PSiSOZa4qMZV5TZ8Xuv7d4Qmkc=
-19,-60,nDC7pZeZtju9bu5OzJ6a7pBr+q4=,7pfS2GHZh5TtR2HxuUdUBpfv4w8=
-17,-61,nDC7pZeZtju9bu5OzJ6a7pBr+q4=,qwHVZ8miO5qzDY19IN8Fv5gUHK4=
-20,-62,nDC7pZeZtju9bu5OzJ6a7pBr+q4=,qwHVZ8miO5qzDY19IN8Fv5gUHK4=
-22,-62,nDC7pZeZtju9bu5OzJ6a7pBr+q4=,3PSiSOZa4qMZV5TZ8Xuv7d4Qmkc=
-21,-64,nDC7pZeZtju9bu5OzJ6a7pBr+q4=,3PSiSOZa4qMZV5TZ8Xuv7d4Qmkc=
-29,-49,nDC7pZeZtju9bu5OzJ6a7pBr+q4=,DXPXf+4zB/+VPSo0U0Q+rl46fE4=
-30,-50,nDC7pZeZtju9bu5OzJ6a7pBr+q4=,DXPXf+4zB/+VPSo0U0Q+rl46fE4=
-27,-49,nDC7pZeZtju9bu5OzJ6a7pBr+q4=,I065JEiUPFjIP1qahaWroMuS5B8=
-28,-49,nDC7pZeZtju9bu5OzJ6a7pBr+q4=,I065JEiUPFjIP1qahaWroMuS5B8=
-17,-59,nDC7pZeZtju9bu5OzJ6a7pBr+q4=,7pfS2GHZh5TtR2HxuUdUBpfv4w8=
-28,-50,nDC7pZeZtju9bu5OzJ6a7pBr+q4=,I065JEiUPFjIP1qahaWroMuS5B8=
-30,-49,nDC7pZeZtju9bu5OzJ6a7pBr+q4=,DXPXf+4zB/+VPSo0U0Q+rl46fE4=
-20,-61,nDC7pZeZtju9bu5OzJ6a7pBr+q4=,qwHVZ8miO5qzDY19IN8Fv5gUHK4=
-27,-50,nDC7pZeZtju9bu5OzJ6a7pBr+q4=,I065JEiUPFjIP1qahaWroMuS5B8=
-29,-50,nDC7pZeZtju9bu5OzJ6a7pBr+q4=,DXPXf+4zB/+VPSo0U0Q+rl46fE4=
-31,-52,9Rdx9YuOPdjYDo3+cxQF9P5RZ2U=,DXPXf+4zB/+VPSo0U0Q+rl46fE4=
-31,-54,9Rdx9YuOPdjYDo3+cxQF9P5RZ2U=,Vpll3CX6OP3w4qBLwOLaHnnKyI8=
-31,-51,9Rdx9YuOPdjYDo3+cxQF9P5RZ2U=,DXPXf+4zB/+VPSo0U0Q+rl46fE4=
-31,-53,9Rdx9YuOPdjYDo3+cxQF9P5RZ2U=,Vpll3CX6OP3w4qBLwOLaHnnKyI8=
-32,-51,9Rdx9YuOPdjYDo3+cxQF9P5RZ2U=,DXPXf+4zB/+VPSo0U0Q+rl46fE4=
-32,-52,9Rdx9YuOPdjYDo3+cxQF9P5RZ2U=,DXPXf+4zB/+VPSo0U0Q+rl46fE4=
-32,-53,9Rdx9YuOPdjYDo3+cxQF9P5RZ2U=,Vpll3CX6OP3w4qBLwOLaHnnKyI8=
-32,-54,9Rdx9YuOPdjYDo3+cxQF9P5RZ2U=,Vpll3CX6OP3w4qBLwOLaHnnKyI8=
-20,-51,9Rdx9YuOPdjYDo3+cxQF9P5RZ2U=,6rkIDkuXsfyTwweK3SjRmDp8nrM=
-21,-50,9Rdx9YuOPdjYDo3+cxQF9P5RZ2U=,0Xi5+WhuqngTo842ofyLnko2Dz0=
-21,-54,9Rdx9YuOPdjYDo3+cxQF9P5RZ2U=,OxAx/JYkya7NjBY9u+zKcEi7gCg=
-20,-49,9Rdx9YuOPdjYDo3+cxQF9P5RZ2U=,6rkIDkuXsfyTwweK3SjRmDp8nrM=
-18,-52,9Rdx9YuOPdjYDo3+cxQF9P5RZ2U=,6rkIDkuXsfyTwweK3SjRmDp8nrM=
-17,-54,9Rdx9YuOPdjYDo3+cxQF9P5RZ2U=,kmMx4/KxMxNiIUtYEJBT6yGmSec=
-18,-54,9Rdx9YuOPdjYDo3+cxQF9P5RZ2U=,kmMx4/KxMxNiIUtYEJBT6yGmSec=
-19,-50,9Rdx9YuOPdjYDo3+cxQF9P5RZ2U=,6rkIDkuXsfyTwweK3SjRmDp8nrM=
-22,-52,9Rdx9YuOPdjYDo3+cxQF9P5RZ2U=,0Xi5+WhuqngTo842ofyLnko2Dz0=
-17,-51,9Rdx9YuOPdjYDo3+cxQF9P5RZ2U=,6rkIDkuXsfyTwweK3SjRmDp8nrM=
-18,-51,9Rdx9YuOPdjYDo3+cxQF9P5RZ2U=,6rkIDkuXsfyTwweK3SjRmDp8nrM=
-21,-53,9Rdx9YuOPdjYDo3+cxQF9P5RZ2U=,OxAx/JYkya7NjBY9u+zKcEi7gCg=
-20,-50,9Rdx9YuOPdjYDo3+cxQF9P5RZ2U=,6rkIDkuXsfyTwweK3SjRmDp8nrM=
-20,-54,9Rdx9YuOPdjYDo3+cxQF9P5RZ2U=,kmMx4/KxMxNiIUtYEJBT6yGmSec=
-22,-49,9Rdx9YuOPdjYDo3+cxQF9P5RZ2U=,0Xi5+WhuqngTo842ofyLnko2Dz0=
-21,-49,9Rdx9YuOPdjYDo3+cxQF9P5RZ2U=,0Xi5+WhuqngTo842ofyLnko2Dz0=
-18,-53,9Rdx9YuOPdjYDo3+cxQF9P5RZ2U=,kmMx4/KxMxNiIUtYEJBT6yGmSec=
-21,-51,9Rdx9YuOPdjYDo3+cxQF9P5RZ2U=,0Xi5+WhuqngTo842ofyLnko2Dz0=
-19,-49,9Rdx9YuOPdjYDo3+cxQF9P5RZ2U=,6rkIDkuXsfyTwweK3SjRmDp8nrM=
-22,-51,9Rdx9YuOPdjYDo3+cxQF9P5RZ2U=,0Xi5+WhuqngTo842ofyLnko2Dz0=
-22,-54,9Rdx9YuOPdjYDo3+cxQF9P5RZ2U=,OxAx/JYkya7NjBY9u+zKcEi7gCg=
-22,-53,9Rdx9YuOPdjYDo3+cxQF9P5RZ2U=,OxAx/JYkya7NjBY9u+zKcEi7gCg=
-20,-53,9Rdx9YuOPdjYDo3+cxQF9P5RZ2U=,kmMx4/KxMxNiIUtYEJBT6yGmSec=
-19,-53,9Rdx9YuOPdjYDo3+cxQF9P5RZ2U=,kmMx4/KxMxNiIUtYEJBT6yGmSec=
-22,-50,9Rdx9YuOPdjYDo3+cxQF9P5RZ2U=,0Xi5+WhuqngTo842ofyLnko2Dz0=
-21,-52,9Rdx9YuOPdjYDo3+cxQF9P5RZ2U=,0Xi5+WhuqngTo842ofyLnko2Dz0=
-19,-52,9Rdx9YuOPdjYDo3+cxQF9P5RZ2U=,6rkIDkuXsfyTwweK3SjRmDp8nrM=
-19,-51,9Rdx9YuOPdjYDo3+cxQF9P5RZ2U=,6rkIDkuXsfyTwweK3SjRmDp8nrM=
-20,-52,9Rdx9YuOPdjYDo3+cxQF9P5RZ2U=,6rkIDkuXsfyTwweK3SjRmDp8nrM=
-19,-54,9Rdx9YuOPdjYDo3+cxQF9P5RZ2U=,kmMx4/KxMxNiIUtYEJBT6yGmSec=
-17,-52,9Rdx9YuOPdjYDo3+cxQF9P5RZ2U=,6rkIDkuXsfyTwweK3SjRmDp8nrM=
-17,-53,9Rdx9YuOPdjYDo3+cxQF9P5RZ2U=,kmMx4/KxMxNiIUtYEJBT6yGmSec=
-32,-49,mJ5G3SBHhauEUENFdhzTYvB/U6E=,DXPXf+4zB/+VPSo0U0Q+rl46fE4=
-32,-50,mJ5G3SBHhauEUENFdhzTYvB/U6E=,DXPXf+4zB/+VPSo0U0Q+rl46fE4=
-31,-49,mJ5G3SBHhauEUENFdhzTYvB/U6E=,DXPXf+4zB/+VPSo0U0Q+rl46fE4=
-31,-50,mJ5G3SBHhauEUENFdhzTYvB/U6E=,DXPXf+4zB/+VPSo0U0Q+rl46fE4=
-18,-50,mJ5G3SBHhauEUENFdhzTYvB/U6E=,6rkIDkuXsfyTwweK3SjRmDp8nrM=
-18,-49,mJ5G3SBHhauEUENFdhzTYvB/U6E=,6rkIDkuXsfyTwweK3SjRmDp8nrM=
-17,-49,mJ5G3SBHhauEUENFdhzTYvB/U6E=,6rkIDkuXsfyTwweK3SjRmDp8nrM=
-17,-50,mJ5G3SBHhauEUENFdhzTYvB/U6E=,6rkIDkuXsfyTwweK3SjRmDp8nrM=
-24,-64,mJ5G3SBHhauEUENFdhzTYvB/U6E=,3PSiSOZa4qMZV5TZ8Xuv7d4Qmkc=
-25,-64,mJ5G3SBHhauEUENFdhzTYvB/U6E=,EyChCWU5ialfkrSEpqBDXPz3U9Q=
-25,-63,mJ5G3SBHhauEUENFdhzTYvB/U6E=,EyChCWU5ialfkrSEpqBDXPz3U9Q=
-23,-63,mJ5G3SBHhauEUENFdhzTYvB/U6E=,3PSiSOZa4qMZV5TZ8Xuv7d4Qmkc=
-23,-64,mJ5G3SBHhauEUENFdhzTYvB/U6E=,3PSiSOZa4qMZV5TZ8Xuv7d4Qmkc=
-24,-63,mJ5G3SBHhauEUENFdhzTYvB/U6E=,3PSiSOZa4qMZV5TZ8Xuv7d4Qmkc=
-26,-64,mJ5G3SBHhauEUENFdhzTYvB/U6E=,EyChCWU5ialfkrSEpqBDXPz3U9Q=
-26,-63,mJ5G3SBHhauEUENFdhzTYvB/U6E=,EyChCWU5ialfkrSEpqBDXPz3U9Q=
-29,-63,OXdl+87xBBVXwIzKrnge3/dngsM=,fTMyV+zfu0xuEYjlvLTP44egEbg=
-30,-63,OXdl+87xBBVXwIzKrnge3/dngsM=,fTMyV+zfu0xuEYjlvLTP44egEbg=
-27,-63,OXdl+87xBBVXwIzKrnge3/dngsM=,EyChCWU5ialfkrSEpqBDXPz3U9Q=
-28,-64,OXdl+87xBBVXwIzKrnge3/dngsM=,EyChCWU5ialfkrSEpqBDXPz3U9Q=
-31,-63,OXdl+87xBBVXwIzKrnge3/dngsM=,fTMyV+zfu0xuEYjlvLTP44egEbg=
-31,-64,OXdl+87xBBVXwIzKrnge3/dngsM=,fTMyV+zfu0xuEYjlvLTP44egEbg=
-32,-63,OXdl+87xBBVXwIzKrnge3/dngsM=,fTMyV+zfu0xuEYjlvLTP44egEbg=
-29,-64,OXdl+87xBBVXwIzKrnge3/dngsM=,fTMyV+zfu0xuEYjlvLTP44egEbg=
-30,-64,OXdl+87xBBVXwIzKrnge3/dngsM=,fTMyV+zfu0xuEYjlvLTP44egEbg=
-27,-64,OXdl+87xBBVXwIzKrnge3/dngsM=,EyChCWU5ialfkrSEpqBDXPz3U9Q=
-28,-63,OXdl+87xBBVXwIzKrnge3/dngsM=,EyChCWU5ialfkrSEpqBDXPz3U9Q=
-32,-64,OXdl+87xBBVXwIzKrnge3/dngsM=,fTMyV+zfu0xuEYjlvLTP44egEbg=
-30,-61,OXdl+87xBBVXwIzKrnge3/dngsM=,fTMyV+zfu0xuEYjlvLTP44egEbg=
-30,-62,OXdl+87xBBVXwIzKrnge3/dngsM=,fTMyV+zfu0xuEYjlvLTP44egEbg=
-32,-60,OXdl+87xBBVXwIzKrnge3/dngsM=,0vhX7GaPCmJlZw8yAwcz2/PLAcc=
-27,-59,OXdl+87xBBVXwIzKrnge3/dngsM=,+vYGBAh/ZlMXZASyDavMw9g8GGA=
-29,-61,OXdl+87xBBVXwIzKrnge3/dngsM=,fTMyV+zfu0xuEYjlvLTP44egEbg=
-31,-60,OXdl+87xBBVXwIzKrnge3/dngsM=,0vhX7GaPCmJlZw8yAwcz2/PLAcc=
-31,-57,OXdl+87xBBVXwIzKrnge3/dngsM=,0vhX7GaPCmJlZw8yAwcz2/PLAcc=
-29,-62,OXdl+87xBBVXwIzKrnge3/dngsM=,fTMyV+zfu0xuEYjlvLTP44egEbg=
-27,-61,OXdl+87xBBVXwIzKrnge3/dngsM=,EyChCWU5ialfkrSEpqBDXPz3U9Q=
-31,-62,OXdl+87xBBVXwIzKrnge3/dngsM=,fTMyV+zfu0xuEYjlvLTP44egEbg=
-28,-59,OXdl+87xBBVXwIzKrnge3/dngsM=,+vYGBAh/ZlMXZASyDavMw9g8GGA=
-32,-57,OXdl+87xBBVXwIzKrnge3/dngsM=,0vhX7GaPCmJlZw8yAwcz2/PLAcc=
-28,-62,OXdl+87xBBVXwIzKrnge3/dngsM=,EyChCWU5ialfkrSEpqBDXPz3U9Q=
-30,-58,OXdl+87xBBVXwIzKrnge3/dngsM=,0vhX7GaPCmJlZw8yAwcz2/PLAcc=
-30,-55,OXdl+87xBBVXwIzKrnge3/dngsM=,Vpll3CX6OP3w4qBLwOLaHnnKyI8=
-31,-58,OXdl+87xBBVXwIzKrnge3/dngsM=,0vhX7GaPCmJlZw8yAwcz2/PLAcc=
-27,-57,OXdl+87xBBVXwIzKrnge3/dngsM=,+vYGBAh/ZlMXZASyDavMw9g8GGA=
-31,-55,OXdl+87xBBVXwIzKrnge3/dngsM=,Vpll3CX6OP3w4qBLwOLaHnnKyI8=
-29,-59,OXdl+87xBBVXwIzKrnge3/dngsM=,0vhX7GaPCmJlZw8yAwcz2/PLAcc=
-28,-57,OXdl+87xBBVXwIzKrnge3/dngsM=,+vYGBAh/ZlMXZASyDavMw9g8GGA=
-30,-59,OXdl+87xBBVXwIzKrnge3/dngsM=,0vhX7GaPCmJlZw8yAwcz2/PLAcc=
-31,-59,OXdl+87xBBVXwIzKrnge3/dngsM=,0vhX7GaPCmJlZw8yAwcz2/PLAcc=
-32,-55,OXdl+87xBBVXwIzKrnge3/dngsM=,Vpll3CX6OP3w4qBLwOLaHnnKyI8=
-32,-59,OXdl+87xBBVXwIzKrnge3/dngsM=,0vhX7GaPCmJlZw8yAwcz2/PLAcc=
-27,-62,OXdl+87xBBVXwIzKrnge3/dngsM=,EyChCWU5ialfkrSEpqBDXPz3U9Q=
-27,-60,OXdl+87xBBVXwIzKrnge3/dngsM=,+vYGBAh/ZlMXZASyDavMw9g8GGA=
-28,-60,OXdl+87xBBVXwIzKrnge3/dngsM=,+vYGBAh/ZlMXZASyDavMw9g8GGA=
-32,-62,OXdl+87xBBVXwIzKrnge3/dngsM=,fTMyV+zfu0xuEYjlvLTP44egEbg=
-30,-60,OXdl+87xBBVXwIzKrnge3/dngsM=,0vhX7GaPCmJlZw8yAwcz2/PLAcc=
-29,-55,OXdl+87xBBVXwIzKrnge3/dngsM=,Vpll3CX6OP3w4qBLwOLaHnnKyI8=
-29,-56,OXdl+87xBBVXwIzKrnge3/dngsM=,Vpll3CX6OP3w4qBLwOLaHnnKyI8=
-32,-58,OXdl+87xBBVXwIzKrnge3/dngsM=,0vhX7GaPCmJlZw8yAwcz2/PLAcc=
-27,-58,OXdl+87xBBVXwIzKrnge3/dngsM=,+vYGBAh/ZlMXZASyDavMw9g8GGA=
-28,-58,OXdl+87xBBVXwIzKrnge3/dngsM=,+vYGBAh/ZlMXZASyDavMw9g8GGA=
-32,-61,OXdl+87xBBVXwIzKrnge3/dngsM=,fTMyV+zfu0xuEYjlvLTP44egEbg=
-28,-56,OXdl+87xBBVXwIzKrnge3/dngsM=,F4mhJPlRY8bcrwcWUBQlMwbhEvc=
-32,-56,OXdl+87xBBVXwIzKrnge3/dngsM=,Vpll3CX6OP3w4qBLwOLaHnnKyI8=
-27,-56,OXdl+87xBBVXwIzKrnge3/dngsM=,F4mhJPlRY8bcrwcWUBQlMwbhEvc=
-28,-55,OXdl+87xBBVXwIzKrnge3/dngsM=,F4mhJPlRY8bcrwcWUBQlMwbhEvc=
-30,-56,OXdl+87xBBVXwIzKrnge3/dngsM=,Vpll3CX6OP3w4qBLwOLaHnnKyI8=
-29,-58,OXdl+87xBBVXwIzKrnge3/dngsM=,0vhX7GaPCmJlZw8yAwcz2/PLAcc=
-27,-55,OXdl+87xBBVXwIzKrnge3/dngsM=,F4mhJPlRY8bcrwcWUBQlMwbhEvc=
-28,-61,OXdl+87xBBVXwIzKrnge3/dngsM=,EyChCWU5ialfkrSEpqBDXPz3U9Q=
-29,-57,OXdl+87xBBVXwIzKrnge3/dngsM=,0vhX7GaPCmJlZw8yAwcz2/PLAcc=
-31,-56,OXdl+87xBBVXwIzKrnge3/dngsM=,Vpll3CX6OP3w4qBLwOLaHnnKyI8=
-30,-57,OXdl+87xBBVXwIzKrnge3/dngsM=,0vhX7GaPCmJlZw8yAwcz2/PLAcc=
-29,-60,OXdl+87xBBVXwIzKrnge3/dngsM=,0vhX7GaPCmJlZw8yAwcz2/PLAcc=
-31,-61,OXdl+87xBBVXwIzKrnge3/dngsM=,fTMyV+zfu0xuEYjlvLTP44egEbg=
-20,-41,Oy7k9KIrz5A908565rF+QtMaiog=,PgSpEVdRuD5xc1NXrqJyiDjkqwc=
-19,-41,Oy7k9KIrz5A908565rF+QtMaiog=,PgSpEVdRuD5xc1NXrqJyiDjkqwc=
-20,-42,Oy7k9KIrz5A908565rF+QtMaiog=,PgSpEVdRuD5xc1NXrqJyiDjkqwc=
-19,-42,Oy7k9KIrz5A908565rF+QtMaiog=,PgSpEVdRuD5xc1NXrqJyiDjkqwc=
-19,-40,Oy7k9KIrz5A908565rF+QtMaiog=,LIInUj/lWMf/xa77JpNuiKgqzGg=
-19,-39,Oy7k9KIrz5A908565rF+QtMaiog=,LIInUj/lWMf/xa77JpNuiKgqzGg=
-21,-42,Oy7k9KIrz5A908565rF+QtMaiog=,F81kh0jWit+1ZW20TOp9S/mWzk4=
-20,-40,Oy7k9KIrz5A908565rF+QtMaiog=,LIInUj/lWMf/xa77JpNuiKgqzGg=
-21,-41,Oy7k9KIrz5A908565rF+QtMaiog=,F81kh0jWit+1ZW20TOp9S/mWzk4=
-21,-40,Oy7k9KIrz5A908565rF+QtMaiog=,f2wRZSZGPi6+HAveaDupSn1HzhE=
-21,-39,Oy7k9KIrz5A908565rF+QtMaiog=,f2wRZSZGPi6+HAveaDupSn1HzhE=
-20,-39,Oy7k9KIrz5A908565rF+QtMaiog=,LIInUj/lWMf/xa77JpNuiKgqzGg=
-22,-39,pFKYttU682lH9APPVtjBrQ0cvJo=,f2wRZSZGPi6+HAveaDupSn1HzhE=
-22,-42,pFKYttU682lH9APPVtjBrQ0cvJo=,F81kh0jWit+1ZW20TOp9S/mWzk4=
-22,-40,pFKYttU682lH9APPVtjBrQ0cvJo=,f2wRZSZGPi6+HAveaDupSn1HzhE=
-22,-41,pFKYttU682lH9APPVtjBrQ0cvJo=,F81kh0jWit+1ZW20TOp9S/mWzk4=
-18,-41,pFKYttU682lH9APPVtjBrQ0cvJo=,PgSpEVdRuD5xc1NXrqJyiDjkqwc=
-17,-39,pFKYttU682lH9APPVtjBrQ0cvJo=,LIInUj/lWMf/xa77JpNuiKgqzGg=
-17,-40,pFKYttU682lH9APPVtjBrQ0cvJo=,LIInUj/lWMf/xa77JpNuiKgqzGg=
-18,-39,pFKYttU682lH9APPVtjBrQ0cvJo=,LIInUj/lWMf/xa77JpNuiKgqzGg=
-18,-40,pFKYttU682lH9APPVtjBrQ0cvJo=,LIInUj/lWMf/xa77JpNuiKgqzGg=
-17,-42,pFKYttU682lH9APPVtjBrQ0cvJo=,PgSpEVdRuD5xc1NXrqJyiDjkqwc=
-17,-41,pFKYttU682lH9APPVtjBrQ0cvJo=,PgSpEVdRuD5xc1NXrqJyiDjkqwc=
-18,-42,pFKYttU682lH9APPVtjBrQ0cvJo=,PgSpEVdRuD5xc1NXrqJyiDjkqwc=
-17,-38,B9Q9g3Cu0rMW0DUO5J/BhAiK1fg=,LIInUj/lWMf/xa77JpNuiKgqzGg=
-18,-38,B9Q9g3Cu0rMW0DUO5J/BhAiK1fg=,LIInUj/lWMf/xa77JpNuiKgqzGg=
-20,-35,B9Q9g3Cu0rMW0DUO5J/BhAiK1fg=,Jqv+bFGtg+bDkB+z8r99+o023ws=
-20,-43,B9Q9g3Cu0rMW0DUO5J/BhAiK1fg=,PgSpEVdRuD5xc1NXrqJyiDjkqwc=
-17,-37,B9Q9g3Cu0rMW0DUO5J/BhAiK1fg=,LIInUj/lWMf/xa77JpNuiKgqzGg=
-21,-35,B9Q9g3Cu0rMW0DUO5J/BhAiK1fg=,c/maI58ct7HrViD8v02Mm0secOM=
-21,-36,B9Q9g3Cu0rMW0DUO5J/BhAiK1fg=,c/maI58ct7HrViD8v02Mm0secOM=
-17,-36,B9Q9g3Cu0rMW0DUO5J/BhAiK1fg=,Jqv+bFGtg+bDkB+z8r99+o023ws=
-19,-35,B9Q9g3Cu0rMW0DUO5J/BhAiK1fg=,Jqv+bFGtg+bDkB+z8r99+o023ws=
-21,-45,B9Q9g3Cu0rMW0DUO5J/BhAiK1fg=,2xLRAMGu00T8f7R8/iv6IUQVUIc=
-19,-38,B9Q9g3Cu0rMW0DUO5J/BhAiK1fg=,LIInUj/lWMf/xa77JpNuiKgqzGg=
-19,-46,B9Q9g3Cu0rMW0DUO5J/BhAiK1fg=,zUr6LT1yYYAAQMafh0xamqxbX/c=
-20,-45,B9Q9g3Cu0rMW0DUO5J/BhAiK1fg=,zUr6LT1yYYAAQMafh0xamqxbX/c=
-20,-46,B9Q9g3Cu0rMW0DUO5J/BhAiK1fg=,zUr6LT1yYYAAQMafh0xamqxbX/c=
-21,-43,B9Q9g3Cu0rMW0DUO5J/BhAiK1fg=,F81kh0jWit+1ZW20TOp9S/mWzk4=
-19,-45,B9Q9g3Cu0rMW0DUO5J/BhAiK1fg=,zUr6LT1yYYAAQMafh0xamqxbX/c=
-19,-43,B9Q9g3Cu0rMW0DUO5J/BhAiK1fg=,PgSpEVdRuD5xc1NXrqJyiDjkqwc=
-21,-46,B9Q9g3Cu0rMW0DUO5J/BhAiK1fg=,2xLRAMGu00T8f7R8/iv6IUQVUIc=
-22,-46,B9Q9g3Cu0rMW0DUO5J/BhAiK1fg=,2xLRAMGu00T8f7R8/iv6IUQVUIc=
-21,-44,B9Q9g3Cu0rMW0DUO5J/BhAiK1fg=,F81kh0jWit+1ZW20TOp9S/mWzk4=
-20,-44,B9Q9g3Cu0rMW0DUO5J/BhAiK1fg=,PgSpEVdRuD5xc1NXrqJyiDjkqwc=
-22,-45,B9Q9g3Cu0rMW0DUO5J/BhAiK1fg=,2xLRAMGu00T8f7R8/iv6IUQVUIc=
-18,-37,B9Q9g3Cu0rMW0DUO5J/BhAiK1fg=,LIInUj/lWMf/xa77JpNuiKgqzGg=
-21,-37,5Yu9ebqcjhrj6G5SQKXlkVCF7D4=,f2wRZSZGPi6+HAveaDupSn1HzhE=
-19,-44,5Yu9ebqcjhrj6G5SQKXlkVCF7D4=,PgSpEVdRuD5xc1NXrqJyiDjkqwc=
-22,-44,5Yu9ebqcjhrj6G5SQKXlkVCF7D4=,F81kh0jWit+1ZW20TOp9S/mWzk4=
-21,-38,5Yu9ebqcjhrj6G5SQKXlkVCF7D4=,f2wRZSZGPi6+HAveaDupSn1HzhE=
-18,-36,5Yu9ebqcjhrj6G5SQKXlkVCF7D4=,Jqv+bFGtg+bDkB+z8r99+o023ws=
-22,-35,5Yu9ebqcjhrj6G5SQKXlkVCF7D4=,c/maI58ct7HrViD8v02Mm0secOM=
-20,-36,5Yu9ebqcjhrj6G5SQKXlkVCF7D4=,Jqv+bFGtg+bDkB+z8r99+o023ws=
-17,-35,5Yu9ebqcjhrj6G5SQKXlkVCF7D4=,Jqv+bFGtg+bDkB+z8r99+o023ws=
-22,-37,5Yu9ebqcjhrj6G5SQKXlkVCF7D4=,f2wRZSZGPi6+HAveaDupSn1HzhE=
-22,-38,5Yu9ebqcjhrj6G5SQKXlkVCF7D4=,f2wRZSZGPi6+HAveaDupSn1HzhE=
-20,-37,5Yu9ebqcjhrj6G5SQKXlkVCF7D4=,LIInUj/lWMf/xa77JpNuiKgqzGg=
-22,-36,5Yu9ebqcjhrj6G5SQKXlkVCF7D4=,c/maI58ct7HrViD8v02Mm0secOM=
-19,-36,5Yu9ebqcjhrj6G5SQKXlkVCF7D4=,Jqv+bFGtg+bDkB+z8r99+o023ws=
-22,-43,5Yu9ebqcjhrj6G5SQKXlkVCF7D4=,F81kh0jWit+1ZW20TOp9S/mWzk4=
-18,-35,5Yu9ebqcjhrj6G5SQKXlkVCF7D4=,Jqv+bFGtg+bDkB+z8r99+o023ws=
-20,-38,5Yu9ebqcjhrj6G5SQKXlkVCF7D4=,LIInUj/lWMf/xa77JpNuiKgqzGg=
-19,-37,5Yu9ebqcjhrj6G5SQKXlkVCF7D4=,LIInUj/lWMf/xa77JpNuiKgqzGg=
-17,-46,5Yu9ebqcjhrj6G5SQKXlkVCF7D4=,zUr6LT1yYYAAQMafh0xamqxbX/c=
-17,-43,5Yu9ebqcjhrj6G5SQKXlkVCF7D4=,PgSpEVdRuD5xc1NXrqJyiDjkqwc=
-18,-45,5Yu9ebqcjhrj6G5SQKXlkVCF7D4=,zUr6LT1yYYAAQMafh0xamqxbX/c=
-17,-44,5Yu9ebqcjhrj6G5SQKXlkVCF7D4=,PgSpEVdRuD5xc1NXrqJyiDjkqwc=
-18,-46,5Yu9ebqcjhrj6G5SQKXlkVCF7D4=,zUr6LT1yYYAAQMafh0xamqxbX/c=
-17,-45,5Yu9ebqcjhrj6G5SQKXlkVCF7D4=,zUr6LT1yYYAAQMafh0xamqxbX/c=
-18,-44,5Yu9ebqcjhrj6G5SQKXlkVCF7D4=,PgSpEVdRuD5xc1NXrqJyiDjkqwc=
-18,-43,5Yu9ebqcjhrj6G5SQKXlkVCF7D4=,PgSpEVdRuD5xc1NXrqJyiDjkqwc=
-22,-48,VhI37MPU0YgPXw+N7grvua0Xk1M=,2xLRAMGu00T8f7R8/iv6IUQVUIc=
-19,-48,VhI37MPU0YgPXw+N7grvua0Xk1M=,zUr6LT1yYYAAQMafh0xamqxbX/c=
-19,-47,VhI37MPU0YgPXw+N7grvua0Xk1M=,zUr6LT1yYYAAQMafh0xamqxbX/c=
-21,-48,VhI37MPU0YgPXw+N7grvua0Xk1M=,2xLRAMGu00T8f7R8/iv6IUQVUIc=
-20,-47,VhI37MPU0YgPXw+N7grvua0Xk1M=,zUr6LT1yYYAAQMafh0xamqxbX/c=
-22,-47,VhI37MPU0YgPXw+N7grvua0Xk1M=,2xLRAMGu00T8f7R8/iv6IUQVUIc=
-20,-48,VhI37MPU0YgPXw+N7grvua0Xk1M=,zUr6LT1yYYAAQMafh0xamqxbX/c=
-21,-47,VhI37MPU0YgPXw+N7grvua0Xk1M=,2xLRAMGu00T8f7R8/iv6IUQVUIc=
-22,-33,VhI37MPU0YgPXw+N7grvua0Xk1M=,c/maI58ct7HrViD8v02Mm0secOM=
-19,-33,VhI37MPU0YgPXw+N7grvua0Xk1M=,Jqv+bFGtg+bDkB+z8r99+o023ws=
-21,-33,VhI37MPU0YgPXw+N7grvua0Xk1M=,c/maI58ct7HrViD8v02Mm0secOM=
-20,-34,VhI37MPU0YgPXw+N7grvua0Xk1M=,Jqv+bFGtg+bDkB+z8r99+o023ws=
-19,-34,VhI37MPU0YgPXw+N7grvua0Xk1M=,Jqv+bFGtg+bDkB+z8r99+o023ws=
-22,-34,VhI37MPU0YgPXw+N7grvua0Xk1M=,c/maI58ct7HrViD8v02Mm0secOM=
-20,-33,VhI37MPU0YgPXw+N7grvua0Xk1M=,Jqv+bFGtg+bDkB+z8r99+o023ws=
-21,-34,VhI37MPU0YgPXw+N7grvua0Xk1M=,c/maI58ct7HrViD8v02Mm0secOM=
-29,-43,y5vO1dVzK187ZSy5e5DgjkxOHG4=,nSXTaMDicL/2DkZcYiZ1MVoVUI8=
-30,-45,y5vO1dVzK187ZSy5e5DgjkxOHG4=,kgdO4C0Yqf1uwmik9ZFOW2xnd0Q=
-29,-45,y5vO1dVzK187ZSy5e5DgjkxOHG4=,kgdO4C0Yqf1uwmik9ZFOW2xnd0Q=
-29,-46,y5vO1dVzK187ZSy5e5DgjkxOHG4=,kgdO4C0Yqf1uwmik9ZFOW2xnd0Q=
-30,-43,y5vO1dVzK187ZSy5e5DgjkxOHG4=,nSXTaMDicL/2DkZcYiZ1MVoVUI8=
-30,-46,y5vO1dVzK187ZSy5e5DgjkxOHG4=,kgdO4C0Yqf1uwmik9ZFOW2xnd0Q=
-25,-46,y5vO1dVzK187ZSy5e5DgjkxOHG4=,W7Mj2rERRfZHHTRagSKI62HoKzk=
-26,-46,y5vO1dVzK187ZSy5e5DgjkxOHG4=,W7Mj2rERRfZHHTRagSKI62HoKzk=
-29,-44,y5vO1dVzK187ZSy5e5DgjkxOHG4=,nSXTaMDicL/2DkZcYiZ1MVoVUI8=
-27,-46,y5vO1dVzK187ZSy5e5DgjkxOHG4=,W7Mj2rERRfZHHTRagSKI62HoKzk=
-30,-44,y5vO1dVzK187ZSy5e5DgjkxOHG4=,nSXTaMDicL/2DkZcYiZ1MVoVUI8=
-28,-46,y5vO1dVzK187ZSy5e5DgjkxOHG4=,W7Mj2rERRfZHHTRagSKI62HoKzk=
-24,-46,y5vO1dVzK187ZSy5e5DgjkxOHG4=,2xLRAMGu00T8f7R8/iv6IUQVUIc=
-23,-46,y5vO1dVzK187ZSy5e5DgjkxOHG4=,2xLRAMGu00T8f7R8/iv6IUQVUIc=
-23,-45,y5vO1dVzK187ZSy5e5DgjkxOHG4=,2xLRAMGu00T8f7R8/iv6IUQVUIc=
-25,-43,y5vO1dVzK187ZSy5e5DgjkxOHG4=,Qv1Dt1ACZVsUZPoDJx0XUkAwsUM=
-28,-45,y5vO1dVzK187ZSy5e5DgjkxOHG4=,W7Mj2rERRfZHHTRagSKI62HoKzk=
-28,-43,y5vO1dVzK187ZSy5e5DgjkxOHG4=,Qv1Dt1ACZVsUZPoDJx0XUkAwsUM=
-23,-44,y5vO1dVzK187ZSy5e5DgjkxOHG4=,F81kh0jWit+1ZW20TOp9S/mWzk4=
-28,-44,y5vO1dVzK187ZSy5e5DgjkxOHG4=,Qv1Dt1ACZVsUZPoDJx0XUkAwsUM=
-26,-43,y5vO1dVzK187ZSy5e5DgjkxOHG4=,Qv1Dt1ACZVsUZPoDJx0XUkAwsUM=
-27,-45,y5vO1dVzK187ZSy5e5DgjkxOHG4=,W7Mj2rERRfZHHTRagSKI62HoKzk=
-23,-43,y5vO1dVzK187ZSy5e5DgjkxOHG4=,F81kh0jWit+1ZW20TOp9S/mWzk4=
-25,-45,y5vO1dVzK187ZSy5e5DgjkxOHG4=,W7Mj2rERRfZHHTRagSKI62HoKzk=
-26,-45,y5vO1dVzK187ZSy5e5DgjkxOHG4=,W7Mj2rERRfZHHTRagSKI62HoKzk=
-24,-43,y5vO1dVzK187ZSy5e5DgjkxOHG4=,F81kh0jWit+1ZW20TOp9S/mWzk4=
-24,-45,y5vO1dVzK187ZSy5e5DgjkxOHG4=,2xLRAMGu00T8f7R8/iv6IUQVUIc=
-27,-43,y5vO1dVzK187ZSy5e5DgjkxOHG4=,Qv1Dt1ACZVsUZPoDJx0XUkAwsUM=
-26,-44,y5vO1dVzK187ZSy5e5DgjkxOHG4=,Qv1Dt1ACZVsUZPoDJx0XUkAwsUM=
-25,-44,y5vO1dVzK187ZSy5e5DgjkxOHG4=,Qv1Dt1ACZVsUZPoDJx0XUkAwsUM=
-27,-44,blVpN8cL0W7Vx4rmKBrN4XrBSPI=,Qv1Dt1ACZVsUZPoDJx0XUkAwsUM=
-24,-44,blVpN8cL0W7Vx4rmKBrN4XrBSPI=,F81kh0jWit+1ZW20TOp9S/mWzk4=
-32,-39,MarkopMEtK9ffGvg5YV2wuP1hgU=,mWmr60pC0FkkAD2SYV7LbHjJyZA=
-32,-41,MarkopMEtK9ffGvg5YV2wuP1hgU=,nSXTaMDicL/2DkZcYiZ1MVoVUI8=
-31,-42,MarkopMEtK9ffGvg5YV2wuP1hgU=,nSXTaMDicL/2DkZcYiZ1MVoVUI8=
-32,-42,MarkopMEtK9ffGvg5YV2wuP1hgU=,nSXTaMDicL/2DkZcYiZ1MVoVUI8=
-31,-40,MarkopMEtK9ffGvg5YV2wuP1hgU=,mWmr60pC0FkkAD2SYV7LbHjJyZA=
-32,-40,H/rWB1UmJ9fNsHweU9OGvvFpMPM=,mWmr60pC0FkkAD2SYV7LbHjJyZA=
-31,-39,H/rWB1UmJ9fNsHweU9OGvvFpMPM=,mWmr60pC0FkkAD2SYV7LbHjJyZA=
-31,-41,H/rWB1UmJ9fNsHweU9OGvvFpMPM=,nSXTaMDicL/2DkZcYiZ1MVoVUI8=
-31,-45,H/rWB1UmJ9fNsHweU9OGvvFpMPM=,kgdO4C0Yqf1uwmik9ZFOW2xnd0Q=
-31,-46,H/rWB1UmJ9fNsHweU9OGvvFpMPM=,kgdO4C0Yqf1uwmik9ZFOW2xnd0Q=
-31,-43,H/rWB1UmJ9fNsHweU9OGvvFpMPM=,nSXTaMDicL/2DkZcYiZ1MVoVUI8=
-32,-43,H/rWB1UmJ9fNsHweU9OGvvFpMPM=,nSXTaMDicL/2DkZcYiZ1MVoVUI8=
-32,-46,H/rWB1UmJ9fNsHweU9OGvvFpMPM=,kgdO4C0Yqf1uwmik9ZFOW2xnd0Q=
-32,-44,H/rWB1UmJ9fNsHweU9OGvvFpMPM=,nSXTaMDicL/2DkZcYiZ1MVoVUI8=
-32,-45,H/rWB1UmJ9fNsHweU9OGvvFpMPM=,kgdO4C0Yqf1uwmik9ZFOW2xnd0Q=
-31,-44,H/rWB1UmJ9fNsHweU9OGvvFpMPM=,nSXTaMDicL/2DkZcYiZ1MVoVUI8=
-30,-33,H/rWB1UmJ9fNsHweU9OGvvFpMPM=,/Cx5cGROluCPdB5vPjBm7HQA9yc=
-30,-34,QicgyWQiDwnHFWOZF/DEIdwPzjk=,/Cx5cGROluCPdB5vPjBm7HQA9yc=
-29,-33,QicgyWQiDwnHFWOZF/DEIdwPzjk=,/Cx5cGROluCPdB5vPjBm7HQA9yc=
-23,-33,QicgyWQiDwnHFWOZF/DEIdwPzjk=,c/maI58ct7HrViD8v02Mm0secOM=
-24,-33,QicgyWQiDwnHFWOZF/DEIdwPzjk=,c/maI58ct7HrViD8v02Mm0secOM=
-23,-34,QicgyWQiDwnHFWOZF/DEIdwPzjk=,c/maI58ct7HrViD8v02Mm0secOM=
-25,-34,QicgyWQiDwnHFWOZF/DEIdwPzjk=,QI3WKDheKo2YKxcvsVzmbel0vmo=
-24,-34,QicgyWQiDwnHFWOZF/DEIdwPzjk=,c/maI58ct7HrViD8v02Mm0secOM=
-29,-34,QicgyWQiDwnHFWOZF/DEIdwPzjk=,/Cx5cGROluCPdB5vPjBm7HQA9yc=
-25,-33,QicgyWQiDwnHFWOZF/DEIdwPzjk=,QI3WKDheKo2YKxcvsVzmbel0vmo=
-28,-34,QicgyWQiDwnHFWOZF/DEIdwPzjk=,QI3WKDheKo2YKxcvsVzmbel0vmo=
-28,-33,QicgyWQiDwnHFWOZF/DEIdwPzjk=,QI3WKDheKo2YKxcvsVzmbel0vmo=
-27,-33,QicgyWQiDwnHFWOZF/DEIdwPzjk=,QI3WKDheKo2YKxcvsVzmbel0vmo=
-26,-33,QicgyWQiDwnHFWOZF/DEIdwPzjk=,QI3WKDheKo2YKxcvsVzmbel0vmo=
-26,-34,QicgyWQiDwnHFWOZF/DEIdwPzjk=,QI3WKDheKo2YKxcvsVzmbel0vmo=
-27,-34,QicgyWQiDwnHFWOZF/DEIdwPzjk=,QI3WKDheKo2YKxcvsVzmbel0vmo=
-32,-33,QicgyWQiDwnHFWOZF/DEIdwPzjk=,/Cx5cGROluCPdB5vPjBm7HQA9yc=
-31,-34,QicgyWQiDwnHFWOZF/DEIdwPzjk=,/Cx5cGROluCPdB5vPjBm7HQA9yc=
-32,-35,QicgyWQiDwnHFWOZF/DEIdwPzjk=,/Cx5cGROluCPdB5vPjBm7HQA9yc=
-31,-35,QicgyWQiDwnHFWOZF/DEIdwPzjk=,/Cx5cGROluCPdB5vPjBm7HQA9yc=
-32,-34,QicgyWQiDwnHFWOZF/DEIdwPzjk=,/Cx5cGROluCPdB5vPjBm7HQA9yc=
-31,-38,QicgyWQiDwnHFWOZF/DEIdwPzjk=,mWmr60pC0FkkAD2SYV7LbHjJyZA=
-31,-36,QicgyWQiDwnHFWOZF/DEIdwPzjk=,/Cx5cGROluCPdB5vPjBm7HQA9yc=
-31,-33,QicgyWQiDwnHFWOZF/DEIdwPzjk=,/Cx5cGROluCPdB5vPjBm7HQA9yc=
-32,-38,QicgyWQiDwnHFWOZF/DEIdwPzjk=,mWmr60pC0FkkAD2SYV7LbHjJyZA=
-32,-36,QicgyWQiDwnHFWOZF/DEIdwPzjk=,/Cx5cGROluCPdB5vPjBm7HQA9yc=
-32,-37,QicgyWQiDwnHFWOZF/DEIdwPzjk=,mWmr60pC0FkkAD2SYV7LbHjJyZA=
-31,-37,QicgyWQiDwnHFWOZF/DEIdwPzjk=,mWmr60pC0FkkAD2SYV7LbHjJyZA=
-30,-41,VBhQekjIAvqTtozuCyt2wSk+8Zo=,nSXTaMDicL/2DkZcYiZ1MVoVUI8=
-18,-48,VBhQekjIAvqTtozuCyt2wSk+8Zo=,zUr6LT1yYYAAQMafh0xamqxbX/c=
-17,-48,VBhQekjIAvqTtozuCyt2wSk+8Zo=,zUr6LT1yYYAAQMafh0xamqxbX/c=
-17,-47,VBhQekjIAvqTtozuCyt2wSk+8Zo=,zUr6LT1yYYAAQMafh0xamqxbX/c=
-30,-42,VBhQekjIAvqTtozuCyt2wSk+8Zo=,nSXTaMDicL/2DkZcYiZ1MVoVUI8=
-30,-38,VBhQekjIAvqTtozuCyt2wSk+8Zo=,mWmr60pC0FkkAD2SYV7LbHjJyZA=
-30,-37,VBhQekjIAvqTtozuCyt2wSk+8Zo=,mWmr60pC0FkkAD2SYV7LbHjJyZA=
-24,-37,VBhQekjIAvqTtozuCyt2wSk+8Zo=,f2wRZSZGPi6+HAveaDupSn1HzhE=
-25,-41,VBhQekjIAvqTtozuCyt2wSk+8Zo=,Qv1Dt1ACZVsUZPoDJx0XUkAwsUM=
-29,-42,VBhQekjIAvqTtozuCyt2wSk+8Zo=,nSXTaMDicL/2DkZcYiZ1MVoVUI8=
-18,-47,VBhQekjIAvqTtozuCyt2wSk+8Zo=,zUr6LT1yYYAAQMafh0xamqxbX/c=
-26,-48,VBhQekjIAvqTtozuCyt2wSk+8Zo=,W7Mj2rERRfZHHTRagSKI62HoKzk=
-24,-36,VBhQekjIAvqTtozuCyt2wSk+8Zo=,c/maI58ct7HrViD8v02Mm0secOM=
-30,-39,VBhQekjIAvqTtozuCyt2wSk+8Zo=,mWmr60pC0FkkAD2SYV7LbHjJyZA=
-25,-48,VBhQekjIAvqTtozuCyt2wSk+8Zo=,W7Mj2rERRfZHHTRagSKI62HoKzk=
-23,-36,VBhQekjIAvqTtozuCyt2wSk+8Zo=,c/maI58ct7HrViD8v02Mm0secOM=
-26,-47,VBhQekjIAvqTtozuCyt2wSk+8Zo=,W7Mj2rERRfZHHTRagSKI62HoKzk=
-25,-47,VBhQekjIAvqTtozuCyt2wSk+8Zo=,W7Mj2rERRfZHHTRagSKI62HoKzk=
-24,-48,VBhQekjIAvqTtozuCyt2wSk+8Zo=,2xLRAMGu00T8f7R8/iv6IUQVUIc=
-24,-35,VBhQekjIAvqTtozuCyt2wSk+8Zo=,c/maI58ct7HrViD8v02Mm0secOM=
-25,-42,VBhQekjIAvqTtozuCyt2wSk+8Zo=,Qv1Dt1ACZVsUZPoDJx0XUkAwsUM=
-25,-37,VBhQekjIAvqTtozuCyt2wSk+8Zo=,uZAWxNUSeMqPFrwtDKhUyw6WUQk=
-25,-38,VBhQekjIAvqTtozuCyt2wSk+8Zo=,uZAWxNUSeMqPFrwtDKhUyw6WUQk=
-23,-48,VBhQekjIAvqTtozuCyt2wSk+8Zo=,2xLRAMGu00T8f7R8/iv6IUQVUIc=
-26,-41,VBhQekjIAvqTtozuCyt2wSk+8Zo=,Qv1Dt1ACZVsUZPoDJx0XUkAwsUM=
-29,-41,VBhQekjIAvqTtozuCyt2wSk+8Zo=,nSXTaMDicL/2DkZcYiZ1MVoVUI8=
-30,-35,VBhQekjIAvqTtozuCyt2wSk+8Zo=,/Cx5cGROluCPdB5vPjBm7HQA9yc=
-23,-47,VBhQekjIAvqTtozuCyt2wSk+8Zo=,2xLRAMGu00T8f7R8/iv6IUQVUIc=
-23,-35,VBhQekjIAvqTtozuCyt2wSk+8Zo=,c/maI58ct7HrViD8v02Mm0secOM=
-24,-47,VBhQekjIAvqTtozuCyt2wSk+8Zo=,2xLRAMGu00T8f7R8/iv6IUQVUIc=
-23,-38,VBhQekjIAvqTtozuCyt2wSk+8Zo=,f2wRZSZGPi6+HAveaDupSn1HzhE=
-24,-41,VBhQekjIAvqTtozuCyt2wSk+8Zo=,F81kh0jWit+1ZW20TOp9S/mWzk4=
-28,-37,VBhQekjIAvqTtozuCyt2wSk+8Zo=,uZAWxNUSeMqPFrwtDKhUyw6WUQk=
-29,-39,VBhQekjIAvqTtozuCyt2wSk+8Zo=,mWmr60pC0FkkAD2SYV7LbHjJyZA=
-23,-37,VBhQekjIAvqTtozuCyt2wSk+8Zo=,f2wRZSZGPi6+HAveaDupSn1HzhE=
-27,-37,VBhQekjIAvqTtozuCyt2wSk+8Zo=,uZAWxNUSeMqPFrwtDKhUyw6WUQk=
-23,-39,VBhQekjIAvqTtozuCyt2wSk+8Zo=,f2wRZSZGPi6+HAveaDupSn1HzhE=
-26,-42,VBhQekjIAvqTtozuCyt2wSk+8Zo=,Qv1Dt1ACZVsUZPoDJx0XUkAwsUM=
-24,-38,VBhQekjIAvqTtozuCyt2wSk+8Zo=,f2wRZSZGPi6+HAveaDupSn1HzhE=
-26,-37,VBhQekjIAvqTtozuCyt2wSk+8Zo=,uZAWxNUSeMqPFrwtDKhUyw6WUQk=
-30,-40,VBhQekjIAvqTtozuCyt2wSk+8Zo=,mWmr60pC0FkkAD2SYV7LbHjJyZA=
-25,-39,VBhQekjIAvqTtozuCyt2wSk+8Zo=,uZAWxNUSeMqPFrwtDKhUyw6WUQk=
-18,-33,VBhQekjIAvqTtozuCyt2wSk+8Zo=,Jqv+bFGtg+bDkB+z8r99+o023ws=
-29,-37,VBhQekjIAvqTtozuCyt2wSk+8Zo=,mWmr60pC0FkkAD2SYV7LbHjJyZA=
-26,-38,VBhQekjIAvqTtozuCyt2wSk+8Zo=,uZAWxNUSeMqPFrwtDKhUyw6WUQk=
-29,-38,VBhQekjIAvqTtozuCyt2wSk+8Zo=,mWmr60pC0FkkAD2SYV7LbHjJyZA=
-30,-36,VBhQekjIAvqTtozuCyt2wSk+8Zo=,/Cx5cGROluCPdB5vPjBm7HQA9yc=
-25,-35,VBhQekjIAvqTtozuCyt2wSk+8Zo=,QI3WKDheKo2YKxcvsVzmbel0vmo=
-24,-39,VBhQekjIAvqTtozuCyt2wSk+8Zo=,f2wRZSZGPi6+HAveaDupSn1HzhE=
-29,-35,VBhQekjIAvqTtozuCyt2wSk+8Zo=,/Cx5cGROluCPdB5vPjBm7HQA9yc=
-23,-41,VBhQekjIAvqTtozuCyt2wSk+8Zo=,F81kh0jWit+1ZW20TOp9S/mWzk4=
-28,-41,VBhQekjIAvqTtozuCyt2wSk+8Zo=,Qv1Dt1ACZVsUZPoDJx0XUkAwsUM=
-25,-36,VBhQekjIAvqTtozuCyt2wSk+8Zo=,QI3WKDheKo2YKxcvsVzmbel0vmo=
-27,-38,VBhQekjIAvqTtozuCyt2wSk+8Zo=,uZAWxNUSeMqPFrwtDKhUyw6WUQk=
-17,-33,VBhQekjIAvqTtozuCyt2wSk+8Zo=,Jqv+bFGtg+bDkB+z8r99+o023ws=
-28,-38,VBhQekjIAvqTtozuCyt2wSk+8Zo=,uZAWxNUSeMqPFrwtDKhUyw6WUQk=
-28,-35,VBhQekjIAvqTtozuCyt2wSk+8Zo=,QI3WKDheKo2YKxcvsVzmbel0vmo=
-25,-40,VBhQekjIAvqTtozuCyt2wSk+8Zo=,uZAWxNUSeMqPFrwtDKhUyw6WUQk=
-28,-42,VBhQekjIAvqTtozuCyt2wSk+8Zo=,Qv1Dt1ACZVsUZPoDJx0XUkAwsUM=
-24,-40,VBhQekjIAvqTtozuCyt2wSk+8Zo=,f2wRZSZGPi6+HAveaDupSn1HzhE=
-27,-39,VBhQekjIAvqTtozuCyt2wSk+8Zo=,uZAWxNUSeMqPFrwtDKhUyw6WUQk=
-29,-40,VBhQekjIAvqTtozuCyt2wSk+8Zo=,mWmr60pC0FkkAD2SYV7LbHjJyZA=
-26,-35,VBhQekjIAvqTtozuCyt2wSk+8Zo=,QI3WKDheKo2YKxcvsVzmbel0vmo=
-26,-39,VBhQekjIAvqTtozuCyt2wSk+8Zo=,uZAWxNUSeMqPFrwtDKhUyw6WUQk=
-29,-47,VBhQekjIAvqTtozuCyt2wSk+8Zo=,kgdO4C0Yqf1uwmik9ZFOW2xnd0Q=
-30,-47,VBhQekjIAvqTtozuCyt2wSk+8Zo=,kgdO4C0Yqf1uwmik9ZFOW2xnd0Q=
-32,-47,VBhQekjIAvqTtozuCyt2wSk+8Zo=,kgdO4C0Yqf1uwmik9ZFOW2xnd0Q=
-29,-48,VBhQekjIAvqTtozuCyt2wSk+8Zo=,kgdO4C0Yqf1uwmik9ZFOW2xnd0Q=
-28,-47,VBhQekjIAvqTtozuCyt2wSk+8Zo=,W7Mj2rERRfZHHTRagSKI62HoKzk=
-27,-48,VBhQekjIAvqTtozuCyt2wSk+8Zo=,W7Mj2rERRfZHHTRagSKI62HoKzk=
-27,-47,VBhQekjIAvqTtozuCyt2wSk+8Zo=,W7Mj2rERRfZHHTRagSKI62HoKzk=
-32,-48,VBhQekjIAvqTtozuCyt2wSk+8Zo=,kgdO4C0Yqf1uwmik9ZFOW2xnd0Q=
-26,-36,VBhQekjIAvqTtozuCyt2wSk+8Zo=,QI3WKDheKo2YKxcvsVzmbel0vmo=
-30,-48,VBhQekjIAvqTtozuCyt2wSk+8Zo=,kgdO4C0Yqf1uwmik9ZFOW2xnd0Q=
-28,-48,VBhQekjIAvqTtozuCyt2wSk+8Zo=,W7Mj2rERRfZHHTRagSKI62HoKzk=
-31,-48,VBhQekjIAvqTtozuCyt2wSk+8Zo=,kgdO4C0Yqf1uwmik9ZFOW2xnd0Q=
-31,-47,VBhQekjIAvqTtozuCyt2wSk+8Zo=,kgdO4C0Yqf1uwmik9ZFOW2xnd0Q=
-29,-36,VBhQekjIAvqTtozuCyt2wSk+8Zo=,/Cx5cGROluCPdB5vPjBm7HQA9yc=
-26,-40,VBhQekjIAvqTtozuCyt2wSk+8Zo=,uZAWxNUSeMqPFrwtDKhUyw6WUQk=
-18,-34,VBhQekjIAvqTtozuCyt2wSk+8Zo=,Jqv+bFGtg+bDkB+z8r99+o023ws=
-28,-39,VBhQekjIAvqTtozuCyt2wSk+8Zo=,uZAWxNUSeMqPFrwtDKhUyw6WUQk=
-27,-41,VBhQekjIAvqTtozuCyt2wSk+8Zo=,Qv1Dt1ACZVsUZPoDJx0XUkAwsUM=
-23,-40,VBhQekjIAvqTtozuCyt2wSk+8Zo=,f2wRZSZGPi6+HAveaDupSn1HzhE=
-28,-36,VBhQekjIAvqTtozuCyt2wSk+8Zo=,QI3WKDheKo2YKxcvsVzmbel0vmo=
-27,-36,VBhQekjIAvqTtozuCyt2wSk+8Zo=,QI3WKDheKo2YKxcvsVzmbel0vmo=
-17,-34,VBhQekjIAvqTtozuCyt2wSk+8Zo=,Jqv+bFGtg+bDkB+z8r99+o023ws=
-27,-42,VBhQekjIAvqTtozuCyt2wSk+8Zo=,Qv1Dt1ACZVsUZPoDJx0XUkAwsUM=
-24,-42,VBhQekjIAvqTtozuCyt2wSk+8Zo=,F81kh0jWit+1ZW20TOp9S/mWzk4=
-28,-40,VBhQekjIAvqTtozuCyt2wSk+8Zo=,uZAWxNUSeMqPFrwtDKhUyw6WUQk=
-27,-40,VBhQekjIAvqTtozuCyt2wSk+8Zo=,uZAWxNUSeMqPFrwtDKhUyw6WUQk=
-23,-42,VBhQekjIAvqTtozuCyt2wSk+8Zo=,F81kh0jWit+1ZW20TOp9S/mWzk4=
-27,-35,VBhQekjIAvqTtozuCyt2wSk+8Zo=,QI3WKDheKo2YKxcvsVzmbel0vmo=
