20,-37,Eal1to5GZISrMMedZQMWftnS5fk=,uV9BbIkWgFMGYulQsRc7IiR2Z6o=
19,-38,Eal1to5GZISrMMedZQMWftnS5fk=,HH/qU9SrNGJbEoYs8BybIQFEMC4=
18,-35,Eal1to5GZISrMMedZQMWftnS5fk=,jEtj6oX7d5UgwRCZBo/AnpzmwvQ=
20,-38,Eal1to5GZISrMMedZQMWftnS5fk=,uV9BbIkWgFMGYulQsRc7IiR2Z6o=
18,-37,Eal1to5GZISrMMedZQMWftnS5fk=,HH/qU9SrNGJbEoYs8BybIQFEMC4=
18,-38,Eal1to5GZISrMMedZQMWftnS5fk=,HH/qU9SrNGJbEoYs8BybIQFEMC4=
19,-37,Eal1to5GZISrMMedZQMWftnS5fk=,HH/qU9SrNGJbEoYs8BybIQFEMC4=
19,-35,Eal1to5GZISrMMedZQMWftnS5fk=,jEtj6oX7d5UgwRCZBo/AnpzmwvQ=
21,-38,Eal1to5GZISrMMedZQMWftnS5fk=,uV9BbIkWgFMGYulQsRc7IiR2Z6o=
20,-36,Eal1to5GZISrMMedZQMWftnS5fk=,lU8v51FLfFe3CC4k0t3GOJ/xC7Q=
21,-36,+lIzgq24l+3x2/kxivimUZgrIEc=,lU8v51FLfFe3CC4k0t3GOJ/xC7Q=
21,-37,+lIzgq24l+3x2/kxivimUZgrIEc=,uV9BbIkWgFMGYulQsRc7IiR2Z6o=
20,-35,+lIzgq24l+3x2/kxivimUZgrIEc=,lU8v51FLfFe3CC4k0t3GOJ/xC7Q=
19,-36,+lIzgq24l+3x2/kxivimUZgrIEc=,jEtj6oX7d5UgwRCZBo/AnpzmwvQ=
21,-35,+lIzgq24l+3x2/kxivimUZgrIEc=,lU8v51FLfFe3CC4k0t3GOJ/xC7Q=
18,-36,+lIzgq24l+3x2/kxivimUZgrIEc=,jEtj6oX7d5UgwRCZBo/AnpzmwvQ=
19,-42,te7ksdsYhxEcvkhSciAqVP+kT90=,zGu36CktIWkKl4Ij0BF51ZD/+Js=
18,-42,te7ksdsYhxEcvkhSciAqVP+kT90=,zGu36CktIWkKl4Ij0BF51ZD/+Js=
21,-42,te7ksdsYhxEcvkhSciAqVP+kT90=,E7009/NUd6AA0sx2CK6P+WufE+s=
18,-41,te7ksdsYhxEcvkhSciAqVP+kT90=,zGu36CktIWkKl4Ij0BF51ZD/+Js=
20,-41,te7ksdsYhxEcvkhSciAqVP+kT90=,E7009/NUd6AA0sx2CK6P+WufE+s=
19,-41,te7ksdsYhxEcvkhSciAqVP+kT90=,zGu36CktIWkKl4Ij0BF51ZD/+Js=
20,-42,te7ksdsYhxEcvkhSciAqVP+kT90=,E7009/NUd6AA0sx2CK6P+WufE+s=
20,-40,te7ksdsYhxEcvkhSciAqVP+kT90=,uV9BbIkWgFMGYulQsRc7IiR2Z6o=
18,-40,te7ksdsYhxEcvkhSciAqVP+kT90=,HH/qU9SrNGJbEoYs8BybIQFEMC4=
21,-41,te7ksdsYhxEcvkhSciAqVP+kT90=,E7009/NUd6AA0sx2CK6P+WufE+s=
21,-40,te7ksdsYhxEcvkhSciAqVP+kT90=,uV9BbIkWgFMGYulQsRc7IiR2Z6o=
18,-39,te7ksdsYhxEcvkhSciAqVP+kT90=,HH/qU9SrNGJbEoYs8BybIQFEMC4=
21,-39,te7ksdsYhxEcvkhSciAqVP+kT90=,uV9BbIkWgFMGYulQsRc7IiR2Z6o=
19,-39,te7ksdsYhxEcvkhSciAqVP+kT90=,HH/qU9SrNGJbEoYs8BybIQFEMC4=
20,-39,te7ksdsYhxEcvkhSciAqVP+kT90=,uV9BbIkWgFMGYulQsRc7IiR2Z6o=
19,-40,te7ksdsYhxEcvkhSciAqVP+kT90=,HH/qU9SrNGJbEoYs8BybIQFEMC4=
22,-42,FAckQHiUAHd/1VvXqe7tBQj8sfk=,E7009/NUd6AA0sx2CK6P+WufE+s=
23,-42,SA4MqRxfm+mfu5T2/grRIjA2Bnc=,E7009/NUd6AA0sx2CK6P+WufE+s=
23,-40,SA4MqRxfm+mfu5T2/grRIjA2Bnc=,uV9BbIkWgFMGYulQsRc7IiR2Z6o=
24,-39,SA4MqRxfm+mfu5T2/grRIjA2Bnc=,MjGE8gBfRlHFDfn+T2C4eKCbzrM=
24,-42,SA4MqRxfm+mfu5T2/grRIjA2Bnc=,5GFSz5K1F3yL1LxkXQi/SCksr64=
22,-40,SA4MqRxfm+mfu5T2/grRIjA2Bnc=,uV9BbIkWgFMGYulQsRc7IiR2Z6o=
24,-41,SA4MqRxfm+mfu5T2/grRIjA2Bnc=,5GFSz5K1F3yL1LxkXQi/SCksr64=
25,-42,SA4MqRxfm+mfu5T2/grRIjA2Bnc=,5GFSz5K1F3yL1LxkXQi/SCksr64=
22,-41,SA4MqRxfm+mfu5T2/grRIjA2Bnc=,E7009/NUd6AA0sx2CK6P+WufE+s=
25,-40,SA4MqRxfm+mfu5T2/grRIjA2Bnc=,MjGE8gBfRlHFDfn+T2C4eKCbzrM=
23,-39,SA4MqRxfm+mfu5T2/grRIjA2Bnc=,uV9BbIkWgFMGYulQsRc7IiR2Z6o=
25,-41,SA4MqRxfm+mfu5T2/grRIjA2Bnc=,5GFSz5K1F3yL1LxkXQi/SCksr64=
24,-40,SA4MqRxfm+mfu5T2/grRIjA2Bnc=,MjGE8gBfRlHFDfn+T2C4eKCbzrM=
23,-41,SA4MqRxfm+mfu5T2/grRIjA2Bnc=,E7009/NUd6AA0sx2CK6P+WufE+s=
25,-39,SA4MqRxfm+mfu5T2/grRIjA2Bnc=,MjGE8gBfRlHFDfn+T2C4eKCbzrM=
22,-39,SA4MqRxfm+mfu5T2/grRIjA2Bnc=,uV9BbIkWgFMGYulQsRc7IiR2Z6o=
27,-39,eTghsNhSWFGZydT1ZV19APsNIRs=,MjGE8gBfRlHFDfn+T2C4eKCbzrM=
26,-39,eTghsNhSWFGZydT1ZV19APsNIRs=,MjGE8gBfRlHFDfn+T2C4eKCbzrM=
27,-41,eTghsNhSWFGZydT1ZV19APsNIRs=,5GFSz5K1F3yL1LxkXQi/SCksr64=
26,-40,eTghsNhSWFGZydT1ZV19APsNIRs=,MjGE8gBfRlHFDfn+T2C4eKCbzrM=
29,-41,eTghsNhSWFGZydT1ZV19APsNIRs=,AwvdmV2mj2w/rAOVpaXq03+3Vp8=
26,-41,eTghsNhSWFGZydT1ZV19APsNIRs=,5GFSz5K1F3yL1LxkXQi/SCksr64=
26,-42,eTghsNhSWFGZydT1ZV19APsNIRs=,5GFSz5K1F3yL1LxkXQi/SCksr64=
29,-42,eTghsNhSWFGZydT1ZV19APsNIRs=,AwvdmV2mj2w/rAOVpaXq03+3Vp8=
28,-39,eTghsNhSWFGZydT1ZV19APsNIRs=,B7J3QAuGNTjsPfYnf2soujh7CJE=
27,-42,eTghsNhSWFGZydT1ZV19APsNIRs=,5GFSz5K1F3yL1LxkXQi/SCksr64=
27,-40,eTghsNhSWFGZydT1ZV19APsNIRs=,MjGE8gBfRlHFDfn+T2C4eKCbzrM=
29,-39,29FRLkA2eX/fA+SOoDCiP2AyoWY=,B7J3QAuGNTjsPfYnf2soujh7CJE=
28,-41,29FRLkA2eX/fA+SOoDCiP2AyoWY=,AwvdmV2mj2w/rAOVpaXq03+3Vp8=
28,-40,29FRLkA2eX/fA+SOoDCiP2AyoWY=,B7J3QAuGNTjsPfYnf2soujh7CJE=
28,-42,29FRLkA2eX/fA+SOoDCiP2AyoWY=,AwvdmV2mj2w/rAOVpaXq03+3Vp8=
29,-40,29FRLkA2eX/fA+SOoDCiP2AyoWY=,B7J3QAuGNTjsPfYnf2soujh7CJE=
23,-38,svI6ugBHOrOHs+eKelaNY7Wpwuo=,uV9BbIkWgFMGYulQsRc7IiR2Z6o=
25,-36,svI6ugBHOrOHs+eKelaNY7Wpwuo=,pP0GwTUKj4fCVpOUndnXAFAECDE=
23,-37,svI6ugBHOrOHs+eKelaNY7Wpwuo=,uV9BbIkWgFMGYulQsRc7IiR2Z6o=
24,-36,svI6ugBHOrOHs+eKelaNY7Wpwuo=,pP0GwTUKj4fCVpOUndnXAFAECDE=
25,-35,svI6ugBHOrOHs+eKelaNY7Wpwuo=,pP0GwTUKj4fCVpOUndnXAFAECDE=
22,-38,svI6ugBHOrOHs+eKelaNY7Wpwuo=,uV9BbIkWgFMGYulQsRc7IiR2Z6o=
22,-37,svI6ugBHOrOHs+eKelaNY7Wpwuo=,uV9BbIkWgFMGYulQsRc7IiR2Z6o=
25,-37,svI6ugBHOrOHs+eKelaNY7Wpwuo=,MjGE8gBfRlHFDfn+T2C4eKCbzrM=
24,-37,svI6ugBHOrOHs+eKelaNY7Wpwuo=,MjGE8gBfRlHFDfn+T2C4eKCbzrM=
29,-37,svI6ugBHOrOHs+eKelaNY7Wpwuo=,B7J3QAuGNTjsPfYnf2soujh7CJE=
25,-38,svI6ugBHOrOHs+eKelaNY7Wpwuo=,MjGE8gBfRlHFDfn+T2C4eKCbzrM=
23,-36,svI6ugBHOrOHs+eKelaNY7Wpwuo=,lU8v51FLfFe3CC4k0t3GOJ/xC7Q=
24,-38,svI6ugBHOrOHs+eKelaNY7Wpwuo=,MjGE8gBfRlHFDfn+T2C4eKCbzrM=
24,-35,svI6ugBHOrOHs+eKelaNY7Wpwuo=,pP0GwTUKj4fCVpOUndnXAFAECDE=
22,-35,svI6ugBHOrOHs+eKelaNY7Wpwuo=,lU8v51FLfFe3CC4k0t3GOJ/xC7Q=
23,-35,svI6ugBHOrOHs+eKelaNY7Wpwuo=,lU8v51FLfFe3CC4k0t3GOJ/xC7Q=
29,-36,svI6ugBHOrOHs+eKelaNY7Wpwuo=,AfcSUKEVgLyM7eE8p9DWrx0i+FY=
26,-35,svI6ugBHOrOHs+eKelaNY7Wpwuo=,pP0GwTUKj4fCVpOUndnXAFAECDE=
22,-36,svI6ugBHOrOHs+eKelaNY7Wpwuo=,lU8v51FLfFe3CC4k0t3GOJ/xC7Q=
27,-35,svI6ugBHOrOHs+eKelaNY7Wpwuo=,pP0GwTUKj4fCVpOUndnXAFAECDE=
28,-37,svI6ugBHOrOHs+eKelaNY7Wpwuo=,B7J3QAuGNTjsPfYnf2soujh7CJE=
28,-38,svI6ugBHOrOHs+eKelaNY7Wpwuo=,B7J3QAuGNTjsPfYnf2soujh7CJE=
26,-37,svI6ugBHOrOHs+eKelaNY7Wpwuo=,MjGE8gBfRlHFDfn+T2C4eKCbzrM=
28,-35,svI6ugBHOrOHs+eKelaNY7Wpwuo=,AfcSUKEVgLyM7eE8p9DWrx0i+FY=
27,-37,svI6ugBHOrOHs+eKelaNY7Wpwuo=,MjGE8gBfRlHFDfn+T2C4eKCbzrM=
27,-38,svI6ugBHOrOHs+eKelaNY7Wpwuo=,MjGE8gBfRlHFDfn+T2C4eKCbzrM=
26,-38,svI6ugBHOrOHs+eKelaNY7Wpwuo=,MjGE8gBfRlHFDfn+T2C4eKCbzrM=
28,-36,svI6ugBHOrOHs+eKelaNY7Wpwuo=,AfcSUKEVgLyM7eE8p9DWrx0i+FY=
29,-38,svI6ugBHOrOHs+eKelaNY7Wpwuo=,B7J3QAuGNTjsPfYnf2soujh7CJE=
26,-36,svI6ugBHOrOHs+eKelaNY7Wpwuo=,pP0GwTUKj4fCVpOUndnXAFAECDE=
27,-36,svI6ugBHOrOHs+eKelaNY7Wpwuo=,pP0GwTUKj4fCVpOUndnXAFAECDE=
29,-35,svI6ugBHOrOHs+eKelaNY7Wpwuo=,AfcSUKEVgLyM7eE8p9DWrx0i+FY=
20,-45,6fqbFKymauLt1rsipn8o2OtQOaA=,9TYINswlJIAztO66HndnB/byNV4=
19,-45,6fqbFKymauLt1rsipn8o2OtQOaA=,jiagZ30EFka4Suaj6IP+G7Sa4Do=
21,-43,6fqbFKymauLt1rsipn8o2OtQOaA=,E7009/NUd6AA0sx2CK6P+WufE+s=
19,-43,6fqbFKymauLt1rsipn8o2OtQOaA=,zGu36CktIWkKl4Ij0BF51ZD/+Js=
20,-44,6fqbFKymauLt1rsipn8o2OtQOaA=,E7009/NUd6AA0sx2CK6P+WufE+s=
18,-43,6fqbFKymauLt1rsipn8o2OtQOaA=,zGu36CktIWkKl4Ij0BF51ZD/+Js=
21,-44,6fqbFKymauLt1rsipn8o2OtQOaA=,E7009/NUd6AA0sx2CK6P+WufE+s=
19,-44,6fqbFKymauLt1rsipn8o2OtQOaA=,zGu36CktIWkKl4Ij0BF51ZD/+Js=
20,-46,6fqbFKymauLt1rsipn8o2OtQOaA=,9TYINswlJIAztO66HndnB/byNV4=
21,-45,6fqbFKymauLt1rsipn8o2OtQOaA=,9TYINswlJIAztO66HndnB/byNV4=
18,-45,6fqbFKymauLt1rsipn8o2OtQOaA=,jiagZ30EFka4Suaj6IP+G7Sa4Do=
20,-43,6fqbFKymauLt1rsipn8o2OtQOaA=,E7009/NUd6AA0sx2CK6P+WufE+s=
18,-44,6fqbFKymauLt1rsipn8o2OtQOaA=,zGu36CktIWkKl4Ij0BF51ZD/+Js=
18,-46,6fqbFKymauLt1rsipn8o2OtQOaA=,jiagZ30EFka4Suaj6IP+G7Sa4Do=
19,-46,6fqbFKymauLt1rsipn8o2OtQOaA=,jiagZ30EFka4Suaj6IP+G7Sa4Do=
21,-46,6fqbFKymauLt1rsipn8o2OtQOaA=,9TYINswlJIAztO66HndnB/byNV4=
18,-48,2WaTvn5X5xOKEPHI4uv2THaNehA=,jiagZ30EFka4Suaj6IP+G7Sa4Do=
19,-48,2WaTvn5X5xOKEPHI4uv2THaNehA=,jiagZ30EFka4Suaj6IP+G7Sa4Do=
19,-47,2WaTvn5X5xOKEPHI4uv2THaNehA=,jiagZ30EFka4Suaj6IP+G7Sa4Do=
20,-48,2WaTvn5X5xOKEPHI4uv2THaNehA=,9TYINswlJIAztO66HndnB/byNV4=
18,-47,2WaTvn5X5xOKEPHI4uv2THaNehA=,jiagZ30EFka4Suaj6IP+G7Sa4Do=
21,-48,RlYjszafy8MoE0g08UglqFrdpVg=,9TYINswlJIAztO66HndnB/byNV4=
20,-47,RlYjszafy8MoE0g08UglqFrdpVg=,9TYINswlJIAztO66HndnB/byNV4=
21,-47,RlYjszafy8MoE0g08UglqFrdpVg=,9TYINswlJIAztO66HndnB/byNV4=
29,-47,RlYjszafy8MoE0g08UglqFrdpVg=,nT9/J8fJvN7kQ9Y0EJmAkVTV6M8=
23,-46,RlYjszafy8MoE0g08UglqFrdpVg=,9TYINswlJIAztO66HndnB/byNV4=
28,-44,RlYjszafy8MoE0g08UglqFrdpVg=,AwvdmV2mj2w/rAOVpaXq03+3Vp8=
25,-45,RlYjszafy8MoE0g08UglqFrdpVg=,z0QOfxI5+cikoVxqu9bDfXTg9Cw=
28,-47,RlYjszafy8MoE0g08UglqFrdpVg=,nT9/J8fJvN7kQ9Y0EJmAkVTV6M8=
28,-43,RlYjszafy8MoE0g08UglqFrdpVg=,AwvdmV2mj2w/rAOVpaXq03+3Vp8=
26,-47,RlYjszafy8MoE0g08UglqFrdpVg=,z0QOfxI5+cikoVxqu9bDfXTg9Cw=
26,-45,RlYjszafy8MoE0g08UglqFrdpVg=,z0QOfxI5+cikoVxqu9bDfXTg9Cw=
27,-45,RlYjszafy8MoE0g08UglqFrdpVg=,z0QOfxI5+cikoVxqu9bDfXTg9Cw=
24,-45,RlYjszafy8MoE0g08UglqFrdpVg=,z0QOfxI5+cikoVxqu9bDfXTg9Cw=
22,-46,cYpAPPfqDGNfU2ewH3ZQqs/wdcA=,9TYINswlJIAztO66HndnB/byNV4=
25,-47,cYpAPPfqDGNfU2ewH3ZQqs/wdcA=,z0QOfxI5+cikoVxqu9bDfXTg9Cw=
22,-45,cYpAPPfqDGNfU2ewH3ZQqs/wdcA=,9TYINswlJIAztO66HndnB/byNV4=
29,-43,cYpAPPfqDGNfU2ewH3ZQqs/wdcA=,AwvdmV2mj2w/rAOVpaXq03+3Vp8=
27,-47,cYpAPPfqDGNfU2ewH3ZQqs/wdcA=,z0QOfxI5+cikoVxqu9bDfXTg9Cw=
28,-45,cYpAPPfqDGNfU2ewH3ZQqs/wdcA=,nT9/J8fJvN7kQ9Y0EJmAkVTV6M8=
27,-44,cYpAPPfqDGNfU2ewH3ZQqs/wdcA=,5GFSz5K1F3yL1LxkXQi/SCksr64=
29,-45,cYpAPPfqDGNfU2ewH3ZQqs/wdcA=,nT9/J8fJvN7kQ9Y0EJmAkVTV6M8=
22,-43,cYpAPPfqDGNfU2ewH3ZQqs/wdcA=,E7009/NUd6AA0sx2CK6P+WufE+s=
29,-44,cYpAPPfqDGNfU2ewH3ZQqs/wdcA=,AwvdmV2mj2w/rAOVpaXq03+3Vp8=
23,-45,cYpAPPfqDGNfU2ewH3ZQqs/wdcA=,9TYINswlJIAztO66HndnB/byNV4=
27,-43,cYpAPPfqDGNfU2ewH3ZQqs/wdcA=,5GFSz5K1F3yL1LxkXQi/SCksr64=
26,-44,cYpAPPfqDGNfU2ewH3ZQqs/wdcA=,5GFSz5K1F3yL1LxkXQi/SCksr64=
26,-48,cYpAPPfqDGNfU2ewH3ZQqs/wdcA=,z0QOfxI5+cikoVxqu9bDfXTg9Cw=
29,-48,cYpAPPfqDGNfU2ewH3ZQqs/wdcA=,nT9/J8fJvN7kQ9Y0EJmAkVTV6M8=
23,-43,cYpAPPfqDGNfU2ewH3ZQqs/wdcA=,E7009/NUd6AA0sx2CK6P+WufE+s=
28,-48,cYpAPPfqDGNfU2ewH3ZQqs/wdcA=,nT9/J8fJvN7kQ9Y0EJmAkVTV6M8=
24,-47,cYpAPPfqDGNfU2ewH3ZQqs/wdcA=,z0QOfxI5+cikoVxqu9bDfXTg9Cw=
26,-43,cYpAPPfqDGNfU2ewH3ZQqs/wdcA=,5GFSz5K1F3yL1LxkXQi/SCksr64=
22,-47,cYpAPPfqDGNfU2ewH3ZQqs/wdcA=,9TYINswlJIAztO66HndnB/byNV4=
24,-43,cYpAPPfqDGNfU2ewH3ZQqs/wdcA=,5GFSz5K1F3yL1LxkXQi/SCksr64=
23,-48,cYpAPPfqDGNfU2ewH3ZQqs/wdcA=,9TYINswlJIAztO66HndnB/byNV4=
23,-47,cYpAPPfqDGNfU2ewH3ZQqs/wdcA=,9TYINswlJIAztO66HndnB/byNV4=
27,-48,cYpAPPfqDGNfU2ewH3ZQqs/wdcA=,z0QOfxI5+cikoVxqu9bDfXTg9Cw=
29,-46,cYpAPPfqDGNfU2ewH3ZQqs/wdcA=,nT9/J8fJvN7kQ9Y0EJmAkVTV6M8=
26,-46,cYpAPPfqDGNfU2ewH3ZQqs/wdcA=,z0QOfxI5+cikoVxqu9bDfXTg9Cw=
22,-44,cYpAPPfqDGNfU2ewH3ZQqs/wdcA=,E7009/NUd6AA0sx2CK6P+WufE+s=
28,-46,cYpAPPfqDGNfU2ewH3ZQqs/wdcA=,nT9/J8fJvN7kQ9Y0EJmAkVTV6M8=
24,-48,cYpAPPfqDGNfU2ewH3ZQqs/wdcA=,z0QOfxI5+cikoVxqu9bDfXTg9Cw=
25,-43,cYpAPPfqDGNfU2ewH3ZQqs/wdcA=,5GFSz5K1F3yL1LxkXQi/SCksr64=
25,-46,cYpAPPfqDGNfU2ewH3ZQqs/wdcA=,z0QOfxI5+cikoVxqu9bDfXTg9Cw=
22,-48,cYpAPPfqDGNfU2ewH3ZQqs/wdcA=,9TYINswlJIAztO66HndnB/byNV4=
25,-44,cYpAPPfqDGNfU2ewH3ZQqs/wdcA=,5GFSz5K1F3yL1LxkXQi/SCksr64=
24,-44,cYpAPPfqDGNfU2ewH3ZQqs/wdcA=,5GFSz5K1F3yL1LxkXQi/SCksr64=
27,-46,cYpAPPfqDGNfU2ewH3ZQqs/wdcA=,z0QOfxI5+cikoVxqu9bDfXTg9Cw=
25,-48,cYpAPPfqDGNfU2ewH3ZQqs/wdcA=,z0QOfxI5+cikoVxqu9bDfXTg9Cw=
24,-46,cYpAPPfqDGNfU2ewH3ZQqs/wdcA=,z0QOfxI5+cikoVxqu9bDfXTg9Cw=
23,-44,cYpAPPfqDGNfU2ewH3ZQqs/wdcA=,E7009/NUd6AA0sx2CK6P+WufE+s=
30,-45,cYpAPPfqDGNfU2ewH3ZQqs/wdcA=,nT9/J8fJvN7kQ9Y0EJmAkVTV6M8=
30,-39,cYpAPPfqDGNfU2ewH3ZQqs/wdcA=,B7J3QAuGNTjsPfYnf2soujh7CJE=
31,-39,cYpAPPfqDGNfU2ewH3ZQqs/wdcA=,B7J3QAuGNTjsPfYnf2soujh7CJE=
30,-43,cYpAPPfqDGNfU2ewH3ZQqs/wdcA=,AwvdmV2mj2w/rAOVpaXq03+3Vp8=
30,-46,cYpAPPfqDGNfU2ewH3ZQqs/wdcA=,nT9/J8fJvN7kQ9Y0EJmAkVTV6M8=
31,-45,cYpAPPfqDGNfU2ewH3ZQqs/wdcA=,nT9/J8fJvN7kQ9Y0EJmAkVTV6M8=
31,-43,GTxQFinIUxE1f0PYwOKyASL1Tsw=,AwvdmV2mj2w/rAOVpaXq03+3Vp8=
30,-42,GTxQFinIUxE1f0PYwOKyASL1Tsw=,AwvdmV2mj2w/rAOVpaXq03+3Vp8=
31,-46,GTxQFinIUxE1f0PYwOKyASL1Tsw=,nT9/J8fJvN7kQ9Y0EJmAkVTV6M8=
31,-40,GTxQFinIUxE1f0PYwOKyASL1Tsw=,B7J3QAuGNTjsPfYnf2soujh7CJE=
30,-44,GTxQFinIUxE1f0PYwOKyASL1Tsw=,AwvdmV2mj2w/rAOVpaXq03+3Vp8=
31,-42,GTxQFinIUxE1f0PYwOKyASL1Tsw=,AwvdmV2mj2w/rAOVpaXq03+3Vp8=
30,-36,GTxQFinIUxE1f0PYwOKyASL1Tsw=,AfcSUKEVgLyM7eE8p9DWrx0i+FY=
31,-41,GTxQFinIUxE1f0PYwOKyASL1Tsw=,AwvdmV2mj2w/rAOVpaXq03+3Vp8=
30,-37,GTxQFinIUxE1f0PYwOKyASL1Tsw=,B7J3QAuGNTjsPfYnf2soujh7CJE=
30,-41,GTxQFinIUxE1f0PYwOKyASL1Tsw=,AwvdmV2mj2w/rAOVpaXq03+3Vp8=
30,-38,GTxQFinIUxE1f0PYwOKyASL1Tsw=,B7J3QAuGNTjsPfYnf2soujh7CJE=
31,-44,GTxQFinIUxE1f0PYwOKyASL1Tsw=,AwvdmV2mj2w/rAOVpaXq03+3Vp8=
30,-40,GTxQFinIUxE1f0PYwOKyASL1Tsw=,B7J3QAuGNTjsPfYnf2soujh7CJE=
31,-35,GTxQFinIUxE1f0PYwOKyASL1Tsw=,AfcSUKEVgLyM7eE8p9DWrx0i+FY=
31,-38,GTxQFinIUxE1f0PYwOKyASL1Tsw=,B7J3QAuGNTjsPfYnf2soujh7CJE=
31,-37,GTxQFinIUxE1f0PYwOKyASL1Tsw=,B7J3QAuGNTjsPfYnf2soujh7CJE=
30,-35,GTxQFinIUxE1f0PYwOKyASL1Tsw=,AfcSUKEVgLyM7eE8p9DWrx0i+FY=
31,-36,GTxQFinIUxE1f0PYwOKyASL1Tsw=,AfcSUKEVgLyM7eE8p9DWrx0i+FY=
26,-34,GTxQFinIUxE1f0PYwOKyASL1Tsw=,pP0GwTUKj4fCVpOUndnXAFAECDE=
27,-34,GTxQFinIUxE1f0PYwOKyASL1Tsw=,pP0GwTUKj4fCVpOUndnXAFAECDE=
29,-33,OirI5uyQE8JhJ6gGZicJcVbFbzI=,AfcSUKEVgLyM7eE8p9DWrx0i+FY=
28,-33,OirI5uyQE8JhJ6gGZicJcVbFbzI=,AfcSUKEVgLyM7eE8p9DWrx0i+FY=
27,-33,OirI5uyQE8JhJ6gGZicJcVbFbzI=,pP0GwTUKj4fCVpOUndnXAFAECDE=
26,-33,OirI5uyQE8JhJ6gGZicJcVbFbzI=,pP0GwTUKj4fCVpOUndnXAFAECDE=
29,-34,OirI5uyQE8JhJ6gGZicJcVbFbzI=,AfcSUKEVgLyM7eE8p9DWrx0i+FY=
28,-34,OirI5uyQE8JhJ6gGZicJcVbFbzI=,AfcSUKEVgLyM7eE8p9DWrx0i+FY=
22,-33,OirI5uyQE8JhJ6gGZicJcVbFbzI=,lU8v51FLfFe3CC4k0t3GOJ/xC7Q=
19,-33,OirI5uyQE8JhJ6gGZicJcVbFbzI=,jEtj6oX7d5UgwRCZBo/AnpzmwvQ=
25,-34,OirI5uyQE8JhJ6gGZicJcVbFbzI=,pP0GwTUKj4fCVpOUndnXAFAECDE=
25,-33,OirI5uyQE8JhJ6gGZicJcVbFbzI=,pP0GwTUKj4fCVpOUndnXAFAECDE=
18,-33,OirI5uyQE8JhJ6gGZicJcVbFbzI=,jEtj6oX7d5UgwRCZBo/AnpzmwvQ=
20,-33,OirI5uyQE8JhJ6gGZicJcVbFbzI=,lU8v51FLfFe3CC4k0t3GOJ/xC7Q=
21,-33,OirI5uyQE8JhJ6gGZicJcVbFbzI=,lU8v51FLfFe3CC4k0t3GOJ/xC7Q=
22,-34,OirI5uyQE8JhJ6gGZicJcVbFbzI=,lU8v51FLfFe3CC4k0t3GOJ/xC7Q=
21,-34,OirI5uyQE8JhJ6gGZicJcVbFbzI=,lU8v51FLfFe3CC4k0t3GOJ/xC7Q=
20,-34,OirI5uyQE8JhJ6gGZicJcVbFbzI=,lU8v51FLfFe3CC4k0t3GOJ/xC7Q=
19,-34,OirI5uyQE8JhJ6gGZicJcVbFbzI=,jEtj6oX7d5UgwRCZBo/AnpzmwvQ=
24,-34,OirI5uyQE8JhJ6gGZicJcVbFbzI=,pP0GwTUKj4fCVpOUndnXAFAECDE=
18,-34,OirI5uyQE8JhJ6gGZicJcVbFbzI=,jEtj6oX7d5UgwRCZBo/AnpzmwvQ=
23,-34,OirI5uyQE8JhJ6gGZicJcVbFbzI=,lU8v51FLfFe3CC4k0t3GOJ/xC7Q=
24,-33,OirI5uyQE8JhJ6gGZicJcVbFbzI=,pP0GwTUKj4fCVpOUndnXAFAECDE=
23,-33,OirI5uyQE8JhJ6gGZicJcVbFbzI=,lU8v51FLfFe3CC4k0t3GOJ/xC7Q=
16,-34,OirI5uyQE8JhJ6gGZicJcVbFbzI=,jEtj6oX7d5UgwRCZBo/AnpzmwvQ=
17,-34,OirI5uyQE8JhJ6gGZicJcVbFbzI=,jEtj6oX7d5UgwRCZBo/AnpzmwvQ=
17,-33,OirI5uyQE8JhJ6gGZicJcVbFbzI=,jEtj6oX7d5UgwRCZBo/AnpzmwvQ=
16,-33,OirI5uyQE8JhJ6gGZicJcVbFbzI=,jEtj6oX7d5UgwRCZBo/AnpzmwvQ=
30,-47,OirI5uyQE8JhJ6gGZicJcVbFbzI=,nT9/J8fJvN7kQ9Y0EJmAkVTV6M8=
30,-48,OirI5uyQE8JhJ6gGZicJcVbFbzI=,nT9/J8fJvN7kQ9Y0EJmAkVTV6M8=
31,-48,OirI5uyQE8JhJ6gGZicJcVbFbzI=,nT9/J8fJvN7kQ9Y0EJmAkVTV6M8=
31,-47,OirI5uyQE8JhJ6gGZicJcVbFbzI=,nT9/J8fJvN7kQ9Y0EJmAkVTV6M8=
31,-33,OirI5uyQE8JhJ6gGZicJcVbFbzI=,AfcSUKEVgLyM7eE8p9DWrx0i+FY=
16,-48,QVTNpHM7exgZZp4NY8/mV0X99ao=,jiagZ30EFka4Suaj6IP+G7Sa4Do=
30,-33,QVTNpHM7exgZZp4NY8/mV0X99ao=,AfcSUKEVgLyM7eE8p9DWrx0i+FY=
17,-48,QVTNpHM7exgZZp4NY8/mV0X99ao=,jiagZ30EFka4Suaj6IP+G7Sa4Do=
16,-47,QVTNpHM7exgZZp4NY8/mV0X99ao=,jiagZ30EFka4Suaj6IP+G7Sa4Do=
16,-38,QVTNpHM7exgZZp4NY8/mV0X99ao=,HH/qU9SrNGJbEoYs8BybIQFEMC4=
30,-34,QVTNpHM7exgZZp4NY8/mV0X99ao=,AfcSUKEVgLyM7eE8p9DWrx0i+FY=
17,-47,QVTNpHM7exgZZp4NY8/mV0X99ao=,jiagZ30EFka4Suaj6IP+G7Sa4Do=
16,-35,QVTNpHM7exgZZp4NY8/mV0X99ao=,jEtj6oX7d5UgwRCZBo/AnpzmwvQ=
17,-35,QVTNpHM7exgZZp4NY8/mV0X99ao=,jEtj6oX7d5UgwRCZBo/AnpzmwvQ=
31,-34,QVTNpHM7exgZZp4NY8/mV0X99ao=,AfcSUKEVgLyM7eE8p9DWrx0i+FY=
17,-38,QVTNpHM7exgZZp4NY8/mV0X99ao=,HH/qU9SrNGJbEoYs8BybIQFEMC4=
17,-36,QVTNpHM7exgZZp4NY8/mV0X99ao=,jEtj6oX7d5UgwRCZBo/AnpzmwvQ=
16,-36,QVTNpHM7exgZZp4NY8/mV0X99ao=,jEtj6oX7d5UgwRCZBo/AnpzmwvQ=
17,-43,QVTNpHM7exgZZp4NY8/mV0X99ao=,zGu36CktIWkKl4Ij0BF51ZD/+Js=
16,-46,QVTNpHM7exgZZp4NY8/mV0X99ao=,jiagZ30EFka4Suaj6IP+G7Sa4Do=
16,-37,QVTNpHM7exgZZp4NY8/mV0X99ao=,HH/qU9SrNGJbEoYs8BybIQFEMC4=
16,-42,QVTNpHM7exgZZp4NY8/mV0X99ao=,zGu36CktIWkKl4Ij0BF51ZD/+Js=
17,-46,QVTNpHM7exgZZp4NY8/mV0X99ao=,jiagZ30EFka4Suaj6IP+G7Sa4Do=
16,-43,QVTNpHM7exgZZp4NY8/mV0X99ao=,zGu36CktIWkKl4Ij0BF51ZD/+Js=
16,-45,QVTNpHM7exgZZp4NY8/mV0X99ao=,jiagZ30EFka4Suaj6IP+G7Sa4Do=
17,-41,QVTNpHM7exgZZp4NY8/mV0X99ao=,zGu36CktIWkKl4Ij0BF51ZD/+Js=
17,-45,QVTNpHM7exgZZp4NY8/mV0X99ao=,jiagZ30EFka4Suaj6IP+G7Sa4Do=
17,-44,QVTNpHM7exgZZp4NY8/mV0X99ao=,zGu36CktIWkKl4Ij0BF51ZD/+Js=
17,-37,QVTNpHM7exgZZp4NY8/mV0X99ao=,HH/qU9SrNGJbEoYs8BybIQFEMC4=
17,-42,QVTNpHM7exgZZp4NY8/mV0X99ao=,zGu36CktIWkKl4Ij0BF51ZD/+Js=
16,-44,QVTNpHM7exgZZp4NY8/mV0X99ao=,zGu36CktIWkKl4Ij0BF51ZD/+Js=
17,-40,QVTNpHM7exgZZp4NY8/mV0X99ao=,HH/qU9SrNGJbEoYs8BybIQFEMC4=
16,-41,QVTNpHM7exgZZp4NY8/mV0X99ao=,zGu36CktIWkKl4Ij0BF51ZD/+Js=
16,-39,QVTNpHM7exgZZp4NY8/mV0X99ao=,HH/qU9SrNGJbEoYs8BybIQFEMC4=
16,-40,QVTNpHM7exgZZp4NY8/mV0X99ao=,HH/qU9SrNGJbEoYs8BybIQFEMC4=
17,-39,QVTNpHM7exgZZp4NY8/mV0X99ao=,HH/qU9SrNGJbEoYs8BybIQFEMC4=
28,-56,X4w8ICF/ElqExjz1yzbKeijHGHs=,bu604MXINzQfgHaOPmJg1yCge1w=
29,-56,X4w8ICF/ElqExjz1yzbKeijHGHs=,bu604MXINzQfgHaOPmJg1yCge1w=
28,-55,X4w8ICF/ElqExjz1yzbKeijHGHs=,bu604MXINzQfgHaOPmJg1yCge1w=
27,-57,X4w8ICF/ElqExjz1yzbKeijHGHs=,SzJbWIs3WxTevUY1ZXLpwt5SnxA=
26,-57,X4w8ICF/ElqExjz1yzbKeijHGHs=,SzJbWIs3WxTevUY1ZXLpwt5SnxA=
27,-55,X4w8ICF/ElqExjz1yzbKeijHGHs=,MsKGspKpnI0bfvMO7Oeo9K7r6FI=
27,-58,X4w8ICF/ElqExjz1yzbKeijHGHs=,SzJbWIs3WxTevUY1ZXLpwt5SnxA=
26,-58,X4w8ICF/ElqExjz1yzbKeijHGHs=,SzJbWIs3WxTevUY1ZXLpwt5SnxA=
29,-58,X4w8ICF/ElqExjz1yzbKeijHGHs=,wtOcySEaCzGUjCI14Qi0cPUkUIM=
28,-58,X4w8ICF/ElqExjz1yzbKeijHGHs=,wtOcySEaCzGUjCI14Qi0cPUkUIM=
29,-55,X4w8ICF/ElqExjz1yzbKeijHGHs=,bu604MXINzQfgHaOPmJg1yCge1w=
26,-56,X4w8ICF/ElqExjz1yzbKeijHGHs=,MsKGspKpnI0bfvMO7Oeo9K7r6FI=
27,-56,X4w8ICF/ElqExjz1yzbKeijHGHs=,MsKGspKpnI0bfvMO7Oeo9K7r6FI=
26,-55,X4w8ICF/ElqExjz1yzbKeijHGHs=,MsKGspKpnI0bfvMO7Oeo9K7r6FI=
28,-57,X4w8ICF/ElqExjz1yzbKeijHGHs=,wtOcySEaCzGUjCI14Qi0cPUkUIM=
29,-57,X4w8ICF/ElqExjz1yzbKeijHGHs=,wtOcySEaCzGUjCI14Qi0cPUkUIM=
23,-57,wCzqkQrjDDvoaFvLIWcucDWX+kE=,kmWZxod+tkhXojkuVpth7F0N5+8=
24,-57,wCzqkQrjDDvoaFvLIWcucDWX+kE=,SzJbWIs3WxTevUY1ZXLpwt5SnxA=
25,-58,wCzqkQrjDDvoaFvLIWcucDWX+kE=,SzJbWIs3WxTevUY1ZXLpwt5SnxA=
22,-57,wCzqkQrjDDvoaFvLIWcucDWX+kE=,kmWZxod+tkhXojkuVpth7F0N5+8=
24,-55,wCzqkQrjDDvoaFvLIWcucDWX+kE=,MsKGspKpnI0bfvMO7Oeo9K7r6FI=
24,-56,wCzqkQrjDDvoaFvLIWcucDWX+kE=,MsKGspKpnI0bfvMO7Oeo9K7r6FI=
24,-58,wCzqkQrjDDvoaFvLIWcucDWX+kE=,SzJbWIs3WxTevUY1ZXLpwt5SnxA=
23,-58,wCzqkQrjDDvoaFvLIWcucDWX+kE=,kmWZxod+tkhXojkuVpth7F0N5+8=
23,-55,wCzqkQrjDDvoaFvLIWcucDWX+kE=,ySMR3y1aiWnbIfnyiAAJUrt5twU=
25,-56,wCzqkQrjDDvoaFvLIWcucDWX+kE=,MsKGspKpnI0bfvMO7Oeo9K7r6FI=
25,-55,wCzqkQrjDDvoaFvLIWcucDWX+kE=,MsKGspKpnI0bfvMO7Oeo9K7r6FI=
23,-56,wCzqkQrjDDvoaFvLIWcucDWX+kE=,ySMR3y1aiWnbIfnyiAAJUrt5twU=
25,-57,wCzqkQrjDDvoaFvLIWcucDWX+kE=,SzJbWIs3WxTevUY1ZXLpwt5SnxA=
22,-55,wCzqkQrjDDvoaFvLIWcucDWX+kE=,ySMR3y1aiWnbIfnyiAAJUrt5twU=
22,-56,wCzqkQrjDDvoaFvLIWcucDWX+kE=,ySMR3y1aiWnbIfnyiAAJUrt5twU=
22,-58,wCzqkQrjDDvoaFvLIWcucDWX+kE=,kmWZxod+tkhXojkuVpth7F0N5+8=
20,-56,wCzqkQrjDDvoaFvLIWcucDWX+kE=,ySMR3y1aiWnbIfnyiAAJUrt5twU=
19,-57,wCzqkQrjDDvoaFvLIWcucDWX+kE=,JXdoFEinL/EvuzV+W2iDpQQtmbw=
21,-56,wCzqkQrjDDvoaFvLIWcucDWX+kE=,ySMR3y1aiWnbIfnyiAAJUrt5twU=
19,-58,wCzqkQrjDDvoaFvLIWcucDWX+kE=,JXdoFEinL/EvuzV+W2iDpQQtmbw=
18,-56,wCzqkQrjDDvoaFvLIWcucDWX+kE=,7tmrZcG2s6B0od9n3mukKaIy190=
18,-58,wCzqkQrjDDvoaFvLIWcucDWX+kE=,JXdoFEinL/EvuzV+W2iDpQQtmbw=
18,-57,wCzqkQrjDDvoaFvLIWcucDWX+kE=,JXdoFEinL/EvuzV+W2iDpQQtmbw=
18,-55,wCzqkQrjDDvoaFvLIWcucDWX+kE=,7tmrZcG2s6B0od9n3mukKaIy190=
21,-58,wCzqkQrjDDvoaFvLIWcucDWX+kE=,kmWZxod+tkhXojkuVpth7F0N5+8=
20,-55,wCzqkQrjDDvoaFvLIWcucDWX+kE=,ySMR3y1aiWnbIfnyiAAJUrt5twU=
21,-57,wCzqkQrjDDvoaFvLIWcucDWX+kE=,kmWZxod+tkhXojkuVpth7F0N5+8=
21,-55,wCzqkQrjDDvoaFvLIWcucDWX+kE=,ySMR3y1aiWnbIfnyiAAJUrt5twU=
19,-56,wCzqkQrjDDvoaFvLIWcucDWX+kE=,7tmrZcG2s6B0od9n3mukKaIy190=
20,-57,wCzqkQrjDDvoaFvLIWcucDWX+kE=,kmWZxod+tkhXojkuVpth7F0N5+8=
19,-55,wCzqkQrjDDvoaFvLIWcucDWX+kE=,7tmrZcG2s6B0od9n3mukKaIy190=
20,-58,wCzqkQrjDDvoaFvLIWcucDWX+kE=,kmWZxod+tkhXojkuVpth7F0N5+8=
20,-52,uL7mm+PrFC5lTEZe61Vb5us8bZQ=,1Rzh7U0mX0Q+ZYpqv6lhplSTwic=
19,-53,uL7mm+PrFC5lTEZe61Vb5us8bZQ=,7tmrZcG2s6B0od9n3mukKaIy190=
21,-52,uL7mm+PrFC5lTEZe61Vb5us8bZQ=,1Rzh7U0mX0Q+ZYpqv6lhplSTwic=
21,-51,uL7mm+PrFC5lTEZe61Vb5us8bZQ=,1Rzh7U0mX0Q+ZYpqv6lhplSTwic=
20,-53,uL7mm+PrFC5lTEZe61Vb5us8bZQ=,ySMR3y1aiWnbIfnyiAAJUrt5twU=
20,-51,uL7mm+PrFC5lTEZe61Vb5us8bZQ=,1Rzh7U0mX0Q+ZYpqv6lhplSTwic=
21,-53,uL7mm+PrFC5lTEZe61Vb5us8bZQ=,ySMR3y1aiWnbIfnyiAAJUrt5twU=
18,-52,uL7mm+PrFC5lTEZe61Vb5us8bZQ=,IulQnIvn4mRBTdCsb2otO8eWhTI=
19,-52,uL7mm+PrFC5lTEZe61Vb5us8bZQ=,IulQnIvn4mRBTdCsb2otO8eWhTI=
19,-51,uL7mm+PrFC5lTEZe61Vb5us8bZQ=,IulQnIvn4mRBTdCsb2otO8eWhTI=
21,-54,uL7mm+PrFC5lTEZe61Vb5us8bZQ=,ySMR3y1aiWnbIfnyiAAJUrt5twU=
20,-54,uL7mm+PrFC5lTEZe61Vb5us8bZQ=,ySMR3y1aiWnbIfnyiAAJUrt5twU=
18,-53,uL7mm+PrFC5lTEZe61Vb5us8bZQ=,7tmrZcG2s6B0od9n3mukKaIy190=
19,-54,uL7mm+PrFC5lTEZe61Vb5us8bZQ=,7tmrZcG2s6B0od9n3mukKaIy190=
18,-54,uL7mm+PrFC5lTEZe61Vb5us8bZQ=,7tmrZcG2s6B0od9n3mukKaIy190=
26,-53,uL7mm+PrFC5lTEZe61Vb5us8bZQ=,MsKGspKpnI0bfvMO7Oeo9K7r6FI=
24,-53,uL7mm+PrFC5lTEZe61Vb5us8bZQ=,MsKGspKpnI0bfvMO7Oeo9K7r6FI=
26,-54,uL7mm+PrFC5lTEZe61Vb5us8bZQ=,MsKGspKpnI0bfvMO7Oeo9K7r6FI=
27,-53,uL7mm+PrFC5lTEZe61Vb5us8bZQ=,MsKGspKpnI0bfvMO7Oeo9K7r6FI=
27,-54,uL7mm+PrFC5lTEZe61Vb5us8bZQ=,MsKGspKpnI0bfvMO7Oeo9K7r6FI=
24,-54,uL7mm+PrFC5lTEZe61Vb5us8bZQ=,MsKGspKpnI0bfvMO7Oeo9K7r6FI=
25,-54,uL7mm+PrFC5lTEZe61Vb5us8bZQ=,MsKGspKpnI0bfvMO7Oeo9K7r6FI=
23,-54,uL7mm+PrFC5lTEZe61Vb5us8bZQ=,ySMR3y1aiWnbIfnyiAAJUrt5twU=
22,-54,uL7mm+PrFC5lTEZe61Vb5us8bZQ=,ySMR3y1aiWnbIfnyiAAJUrt5twU=
23,-53,uL7mm+PrFC5lTEZe61Vb5us8bZQ=,ySMR3y1aiWnbIfnyiAAJUrt5twU=
29,-54,uL7mm+PrFC5lTEZe61Vb5us8bZQ=,bu604MXINzQfgHaOPmJg1yCge1w=
22,-53,uL7mm+PrFC5lTEZe61Vb5us8bZQ=,ySMR3y1aiWnbIfnyiAAJUrt5twU=
22,-51,uL7mm+PrFC5lTEZe61Vb5us8bZQ=,1Rzh7U0mX0Q+ZYpqv6lhplSTwic=
22,-52,uL7mm+PrFC5lTEZe61Vb5us8bZQ=,1Rzh7U0mX0Q+ZYpqv6lhplSTwic=
25,-53,uL7mm+PrFC5lTEZe61Vb5us8bZQ=,MsKGspKpnI0bfvMO7Oeo9K7r6FI=
18,-51,uL7mm+PrFC5lTEZe61Vb5us8bZQ=,IulQnIvn4mRBTdCsb2otO8eWhTI=
28,-54,uL7mm+PrFC5lTEZe61Vb5us8bZQ=,bu604MXINzQfgHaOPmJg1yCge1w=
28,-53,uL7mm+PrFC5lTEZe61Vb5us8bZQ=,bu604MXINzQfgHaOPmJg1yCge1w=
29,-53,uL7mm+PrFC5lTEZe61Vb5us8bZQ=,bu604MXINzQfgHaOPmJg1yCge1w=
23,-52,uL7mm+PrFC5lTEZe61Vb5us8bZQ=,1Rzh7U0mX0Q+ZYpqv6lhplSTwic=
27,-52,uL7mm+PrFC5lTEZe61Vb5us8bZQ=,/dkMcHuQ35IIw/iVCLWqZePQb24=
23,-51,uL7mm+PrFC5lTEZe61Vb5us8bZQ=,1Rzh7U0mX0Q+ZYpqv6lhplSTwic=
24,-52,uL7mm+PrFC5lTEZe61Vb5us8bZQ=,/dkMcHuQ35IIw/iVCLWqZePQb24=
25,-52,uL7mm+PrFC5lTEZe61Vb5us8bZQ=,/dkMcHuQ35IIw/iVCLWqZePQb24=
26,-52,uL7mm+PrFC5lTEZe61Vb5us8bZQ=,/dkMcHuQ35IIw/iVCLWqZePQb24=
28,-52,uL7mm+PrFC5lTEZe61Vb5us8bZQ=,/5pXPK18jGlBPnU+PO8dIvSDd3Q=
28,-51,uL7mm+PrFC5lTEZe61Vb5us8bZQ=,/5pXPK18jGlBPnU+PO8dIvSDd3Q=
29,-52,uL7mm+PrFC5lTEZe61Vb5us8bZQ=,/5pXPK18jGlBPnU+PO8dIvSDd3Q=
26,-51,uL7mm+PrFC5lTEZe61Vb5us8bZQ=,/dkMcHuQ35IIw/iVCLWqZePQb24=
25,-51,uL7mm+PrFC5lTEZe61Vb5us8bZQ=,/dkMcHuQ35IIw/iVCLWqZePQb24=
29,-51,uL7mm+PrFC5lTEZe61Vb5us8bZQ=,/5pXPK18jGlBPnU+PO8dIvSDd3Q=
24,-51,uL7mm+PrFC5lTEZe61Vb5us8bZQ=,/dkMcHuQ35IIw/iVCLWqZePQb24=
27,-51,uL7mm+PrFC5lTEZe61Vb5us8bZQ=,/dkMcHuQ35IIw/iVCLWqZePQb24=
22,-49,aCmppJrhygOS1TMyPs7HQBrgwwY=,1Rzh7U0mX0Q+ZYpqv6lhplSTwic=
20,-50,aCmppJrhygOS1TMyPs7HQBrgwwY=,1Rzh7U0mX0Q+ZYpqv6lhplSTwic=
21,-49,aCmppJrhygOS1TMyPs7HQBrgwwY=,1Rzh7U0mX0Q+ZYpqv6lhplSTwic=
22,-50,aCmppJrhygOS1TMyPs7HQBrgwwY=,1Rzh7U0mX0Q+ZYpqv6lhplSTwic=
20,-49,aCmppJrhygOS1TMyPs7HQBrgwwY=,1Rzh7U0mX0Q+ZYpqv6lhplSTwic=
21,-50,aCmppJrhygOS1TMyPs7HQBrgwwY=,1Rzh7U0mX0Q+ZYpqv6lhplSTwic=
18,-49,aCmppJrhygOS1TMyPs7HQBrgwwY=,IulQnIvn4mRBTdCsb2otO8eWhTI=
23,-49,aCmppJrhygOS1TMyPs7HQBrgwwY=,1Rzh7U0mX0Q+ZYpqv6lhplSTwic=
19,-49,aCmppJrhygOS1TMyPs7HQBrgwwY=,IulQnIvn4mRBTdCsb2otO8eWhTI=
18,-50,aCmppJrhygOS1TMyPs7HQBrgwwY=,IulQnIvn4mRBTdCsb2otO8eWhTI=
19,-50,aCmppJrhygOS1TMyPs7HQBrgwwY=,IulQnIvn4mRBTdCsb2otO8eWhTI=
23,-50,aCmppJrhygOS1TMyPs7HQBrgwwY=,1Rzh7U0mX0Q+ZYpqv6lhplSTwic=
25,-50,aCmppJrhygOS1TMyPs7HQBrgwwY=,/dkMcHuQ35IIw/iVCLWqZePQb24=
29,-49,aCmppJrhygOS1TMyPs7HQBrgwwY=,/5pXPK18jGlBPnU+PO8dIvSDd3Q=
28,-50,aCmppJrhygOS1TMyPs7HQBrgwwY=,/5pXPK18jGlBPnU+PO8dIvSDd3Q=
28,-49,aCmppJrhygOS1TMyPs7HQBrgwwY=,/5pXPK18jGlBPnU+PO8dIvSDd3Q=
26,-50,aCmppJrhygOS1TMyPs7HQBrgwwY=,/dkMcHuQ35IIw/iVCLWqZePQb24=
29,-50,aCmppJrhygOS1TMyPs7HQBrgwwY=,/5pXPK18jGlBPnU+PO8dIvSDd3Q=
27,-50,aCmppJrhygOS1TMyPs7HQBrgwwY=,/dkMcHuQ35IIw/iVCLWqZePQb24=
26,-49,aCmppJrhygOS1TMyPs7HQBrgwwY=,/dkMcHuQ35IIw/iVCLWqZePQb24=
27,-49,aCmppJrhygOS1TMyPs7HQBrgwwY=,/dkMcHuQ35IIw/iVCLWqZePQb24=
24,-50,aCmppJrhygOS1TMyPs7HQBrgwwY=,/dkMcHuQ35IIw/iVCLWqZePQb24=
25,-49,aCmppJrhygOS1TMyPs7HQBrgwwY=,/dkMcHuQ35IIw/iVCLWqZePQb24=
24,-49,aCmppJrhygOS1TMyPs7HQBrgwwY=,/dkMcHuQ35IIw/iVCLWqZePQb24=
31,-54,YgaBtTe6Wi7wuRXwQ6zFiOQcsHE=,bu604MXINzQfgHaOPmJg1yCge1w=
31,-53,YgaBtTe6Wi7wuRXwQ6zFiOQcsHE=,bu604MXINzQfgHaOPmJg1yCge1w=
30,-54,YgaBtTe6Wi7wuRXwQ6zFiOQcsHE=,bu604MXINzQfgHaOPmJg1yCge1w=
30,-53,YgaBtTe6Wi7wuRXwQ6zFiOQcsHE=,bu604MXINzQfgHaOPmJg1yCge1w=
31,-52,YgaBtTe6Wi7wuRXwQ6zFiOQcsHE=,/5pXPK18jGlBPnU+PO8dIvSDd3Q=
30,-52,YgaBtTe6Wi7wuRXwQ6zFiOQcsHE=,/5pXPK18jGlBPnU+PO8dIvSDd3Q=
30,-51,YgaBtTe6Wi7wuRXwQ6zFiOQcsHE=,/5pXPK18jGlBPnU+PO8dIvSDd3Q=
31,-51,YgaBtTe6Wi7wuRXwQ6zFiOQcsHE=,/5pXPK18jGlBPnU+PO8dIvSDd3Q=
31,-58,YgaBtTe6Wi7wuRXwQ6zFiOQcsHE=,wtOcySEaCzGUjCI14Qi0cPUkUIM=
30,-57,YgaBtTe6Wi7wuRXwQ6zFiOQcsHE=,wtOcySEaCzGUjCI14Qi0cPUkUIM=
31,-57,YgaBtTe6Wi7wuRXwQ6zFiOQcsHE=,wtOcySEaCzGUjCI14Qi0cPUkUIM=
30,-58,YgaBtTe6Wi7wuRXwQ6zFiOQcsHE=,wtOcySEaCzGUjCI14Qi0cPUkUIM=
30,-56,YgaBtTe6Wi7wuRXwQ6zFiOQcsHE=,bu604MXINzQfgHaOPmJg1yCge1w=
30,-55,YgaBtTe6Wi7wuRXwQ6zFiOQcsHE=,bu604MXINzQfgHaOPmJg1yCge1w=
31,-56,YgaBtTe6Wi7wuRXwQ6zFiOQcsHE=,bu604MXINzQfgHaOPmJg1yCge1w=
31,-55,YgaBtTe6Wi7wuRXwQ6zFiOQcsHE=,bu604MXINzQfgHaOPmJg1yCge1w=
28,-60,hgtnMb72JPnUrUw/cmDkdoMzwGc=,wtOcySEaCzGUjCI14Qi0cPUkUIM=
27,-61,hgtnMb72JPnUrUw/cmDkdoMzwGc=,LfumeTYIoo4bwyKU3eS9nblZKTI=
27,-59,hgtnMb72JPnUrUw/cmDkdoMzwGc=,SzJbWIs3WxTevUY1ZXLpwt5SnxA=
28,-61,hgtnMb72JPnUrUw/cmDkdoMzwGc=,4/HUr9wFSkEaix6Fa5qntXCceGY=
27,-60,hgtnMb72JPnUrUw/cmDkdoMzwGc=,SzJbWIs3WxTevUY1ZXLpwt5SnxA=
26,-59,hgtnMb72JPnUrUw/cmDkdoMzwGc=,SzJbWIs3WxTevUY1ZXLpwt5SnxA=
26,-62,hgtnMb72JPnUrUw/cmDkdoMzwGc=,LfumeTYIoo4bwyKU3eS9nblZKTI=
27,-62,hgtnMb72JPnUrUw/cmDkdoMzwGc=,LfumeTYIoo4bwyKU3eS9nblZKTI=
29,-59,hgtnMb72JPnUrUw/cmDkdoMzwGc=,wtOcySEaCzGUjCI14Qi0cPUkUIM=
26,-60,hgtnMb72JPnUrUw/cmDkdoMzwGc=,SzJbWIs3WxTevUY1ZXLpwt5SnxA=
29,-62,hgtnMb72JPnUrUw/cmDkdoMzwGc=,4/HUr9wFSkEaix6Fa5qntXCceGY=
28,-62,hgtnMb72JPnUrUw/cmDkdoMzwGc=,4/HUr9wFSkEaix6Fa5qntXCceGY=
26,-61,hgtnMb72JPnUrUw/cmDkdoMzwGc=,LfumeTYIoo4bwyKU3eS9nblZKTI=
28,-59,hgtnMb72JPnUrUw/cmDkdoMzwGc=,wtOcySEaCzGUjCI14Qi0cPUkUIM=
29,-60,hgtnMb72JPnUrUw/cmDkdoMzwGc=,wtOcySEaCzGUjCI14Qi0cPUkUIM=
29,-61,hgtnMb72JPnUrUw/cmDkdoMzwGc=,4/HUr9wFSkEaix6Fa5qntXCceGY=
28,-63,hgtnMb72JPnUrUw/cmDkdoMzwGc=,4/HUr9wFSkEaix6Fa5qntXCceGY=
18,-61,hgtnMb72JPnUrUw/cmDkdoMzwGc=,MjvUmlx5nzuy1nmY6j0yhF4lbjM=
23,-61,hgtnMb72JPnUrUw/cmDkdoMzwGc=,eaWFCq+QD5gjLH9iAH19bBY4N64=
28,-64,hgtnMb72JPnUrUw/cmDkdoMzwGc=,4/HUr9wFSkEaix6Fa5qntXCceGY=
18,-62,hgtnMb72JPnUrUw/cmDkdoMzwGc=,MjvUmlx5nzuy1nmY6j0yhF4lbjM=
23,-62,hgtnMb72JPnUrUw/cmDkdoMzwGc=,eaWFCq+QD5gjLH9iAH19bBY4N64=
29,-63,hgtnMb72JPnUrUw/cmDkdoMzwGc=,4/HUr9wFSkEaix6Fa5qntXCceGY=
23,-59,hgtnMb72JPnUrUw/cmDkdoMzwGc=,kmWZxod+tkhXojkuVpth7F0N5+8=
22,-64,hgtnMb72JPnUrUw/cmDkdoMzwGc=,eaWFCq+QD5gjLH9iAH19bBY4N64=
23,-64,hgtnMb72JPnUrUw/cmDkdoMzwGc=,eaWFCq+QD5gjLH9iAH19bBY4N64=
22,-59,hgtnMb72JPnUrUw/cmDkdoMzwGc=,kmWZxod+tkhXojkuVpth7F0N5+8=
20,-59,hgtnMb72JPnUrUw/cmDkdoMzwGc=,kmWZxod+tkhXojkuVpth7F0N5+8=
29,-64,hgtnMb72JPnUrUw/cmDkdoMzwGc=,4/HUr9wFSkEaix6Fa5qntXCceGY=
21,-62,hgtnMb72JPnUrUw/cmDkdoMzwGc=,eaWFCq+QD5gjLH9iAH19bBY4N64=
18,-59,hgtnMb72JPnUrUw/cmDkdoMzwGc=,JXdoFEinL/EvuzV+W2iDpQQtmbw=
23,-60,hgtnMb72JPnUrUw/cmDkdoMzwGc=,kmWZxod+tkhXojkuVpth7F0N5+8=
24,-60,hgtnMb72JPnUrUw/cmDkdoMzwGc=,SzJbWIs3WxTevUY1ZXLpwt5SnxA=
21,-59,hgtnMb72JPnUrUw/cmDkdoMzwGc=,kmWZxod+tkhXojkuVpth7F0N5+8=
26,-63,hgtnMb72JPnUrUw/cmDkdoMzwGc=,LfumeTYIoo4bwyKU3eS9nblZKTI=
22,-60,hgtnMb72JPnUrUw/cmDkdoMzwGc=,kmWZxod+tkhXojkuVpth7F0N5+8=
25,-60,hgtnMb72JPnUrUw/cmDkdoMzwGc=,SzJbWIs3WxTevUY1ZXLpwt5SnxA=
18,-60,hgtnMb72JPnUrUw/cmDkdoMzwGc=,JXdoFEinL/EvuzV+W2iDpQQtmbw=
21,-60,hgtnMb72JPnUrUw/cmDkdoMzwGc=,kmWZxod+tkhXojkuVpth7F0N5+8=
20,-60,hgtnMb72JPnUrUw/cmDkdoMzwGc=,kmWZxod+tkhXojkuVpth7F0N5+8=
19,-60,hgtnMb72JPnUrUw/cmDkdoMzwGc=,JXdoFEinL/EvuzV+W2iDpQQtmbw=
24,-59,hgtnMb72JPnUrUw/cmDkdoMzwGc=,SzJbWIs3WxTevUY1ZXLpwt5SnxA=
25,-63,hgtnMb72JPnUrUw/cmDkdoMzwGc=,LfumeTYIoo4bwyKU3eS9nblZKTI=
20,-62,hgtnMb72JPnUrUw/cmDkdoMzwGc=,eaWFCq+QD5gjLH9iAH19bBY4N64=
24,-63,hgtnMb72JPnUrUw/cmDkdoMzwGc=,LfumeTYIoo4bwyKU3eS9nblZKTI=
26,-64,hgtnMb72JPnUrUw/cmDkdoMzwGc=,LfumeTYIoo4bwyKU3eS9nblZKTI=
27,-64,hgtnMb72JPnUrUw/cmDkdoMzwGc=,LfumeTYIoo4bwyKU3eS9nblZKTI=
25,-62,hgtnMb72JPnUrUw/cmDkdoMzwGc=,LfumeTYIoo4bwyKU3eS9nblZKTI=
24,-64,hgtnMb72JPnUrUw/cmDkdoMzwGc=,LfumeTYIoo4bwyKU3eS9nblZKTI=
25,-64,hgtnMb72JPnUrUw/cmDkdoMzwGc=,LfumeTYIoo4bwyKU3eS9nblZKTI=
23,-63,hgtnMb72JPnUrUw/cmDkdoMzwGc=,eaWFCq+QD5gjLH9iAH19bBY4N64=
19,-62,hgtnMb72JPnUrUw/cmDkdoMzwGc=,MjvUmlx5nzuy1nmY6j0yhF4lbjM=
20,-61,hgtnMb72JPnUrUw/cmDkdoMzwGc=,eaWFCq+QD5gjLH9iAH19bBY4N64=
19,-59,hgtnMb72JPnUrUw/cmDkdoMzwGc=,JXdoFEinL/EvuzV+W2iDpQQtmbw=
19,-63,hgtnMb72JPnUrUw/cmDkdoMzwGc=,MjvUmlx5nzuy1nmY6j0yhF4lbjM=
19,-64,hgtnMb72JPnUrUw/cmDkdoMzwGc=,MjvUmlx5nzuy1nmY6j0yhF4lbjM=
22,-63,hgtnMb72JPnUrUw/cmDkdoMzwGc=,eaWFCq+QD5gjLH9iAH19bBY4N64=
20,-63,hgtnMb72JPnUrUw/cmDkdoMzwGc=,eaWFCq+QD5gjLH9iAH19bBY4N64=
21,-63,hgtnMb72JPnUrUw/cmDkdoMzwGc=,eaWFCq+QD5gjLH9iAH19bBY4N64=
24,-62,hgtnMb72JPnUrUw/cmDkdoMzwGc=,LfumeTYIoo4bwyKU3eS9nblZKTI=
18,-63,hgtnMb72JPnUrUw/cmDkdoMzwGc=,MjvUmlx5nzuy1nmY6j0yhF4lbjM=
20,-64,hgtnMb72JPnUrUw/cmDkdoMzwGc=,eaWFCq+QD5gjLH9iAH19bBY4N64=
22,-61,hgtnMb72JPnUrUw/cmDkdoMzwGc=,eaWFCq+QD5gjLH9iAH19bBY4N64=
21,-64,hgtnMb72JPnUrUw/cmDkdoMzwGc=,eaWFCq+QD5gjLH9iAH19bBY4N64=
18,-64,hgtnMb72JPnUrUw/cmDkdoMzwGc=,MjvUmlx5nzuy1nmY6j0yhF4lbjM=
19,-61,hgtnMb72JPnUrUw/cmDkdoMzwGc=,MjvUmlx5nzuy1nmY6j0yhF4lbjM=
25,-59,hgtnMb72JPnUrUw/cmDkdoMzwGc=,SzJbWIs3WxTevUY1ZXLpwt5SnxA=
21,-61,hgtnMb72JPnUrUw/cmDkdoMzwGc=,eaWFCq+QD5gjLH9iAH19bBY4N64=
27,-63,hgtnMb72JPnUrUw/cmDkdoMzwGc=,LfumeTYIoo4bwyKU3eS9nblZKTI=
24,-61,hgtnMb72JPnUrUw/cmDkdoMzwGc=,LfumeTYIoo4bwyKU3eS9nblZKTI=
25,-61,hgtnMb72JPnUrUw/cmDkdoMzwGc=,LfumeTYIoo4bwyKU3eS9nblZKTI=
22,-62,hgtnMb72JPnUrUw/cmDkdoMzwGc=,eaWFCq+QD5gjLH9iAH19bBY4N64=
16,-61,+aREquywgSezSV8dVc2XoKMCqCE=,MjvUmlx5nzuy1nmY6j0yhF4lbjM=
17,-62,+aREquywgSezSV8dVc2XoKMCqCE=,MjvUmlx5nzuy1nmY6j0yhF4lbjM=
16,-62,+aREquywgSezSV8dVc2XoKMCqCE=,MjvUmlx5nzuy1nmY6j0yhF4lbjM=
17,-59,+aREquywgSezSV8dVc2XoKMCqCE=,JXdoFEinL/EvuzV+W2iDpQQtmbw=
17,-60,+aREquywgSezSV8dVc2XoKMCqCE=,JXdoFEinL/EvuzV+W2iDpQQtmbw=
16,-59,+aREquywgSezSV8dVc2XoKMCqCE=,JXdoFEinL/EvuzV+W2iDpQQtmbw=
16,-60,+aREquywgSezSV8dVc2XoKMCqCE=,JXdoFEinL/EvuzV+W2iDpQQtmbw=
17,-61,+aREquywgSezSV8dVc2XoKMCqCE=,MjvUmlx5nzuy1nmY6j0yhF4lbjM=
31,-49,+aREquywgSezSV8dVc2XoKMCqCE=,/5pXPK18jGlBPnU+PO8dIvSDd3Q=
17,-49,+aREquywgSezSV8dVc2XoKMCqCE=,IulQnIvn4mRBTdCsb2otO8eWhTI=
31,-50,+aREquywgSezSV8dVc2XoKMCqCE=,/5pXPK18jGlBPnU+PO8dIvSDd3Q=
17,-50,+aREquywgSezSV8dVc2XoKMCqCE=,IulQnIvn4mRBTdCsb2otO8eWhTI=
16,-49,+aREquywgSezSV8dVc2XoKMCqCE=,IulQnIvn4mRBTdCsb2otO8eWhTI=
16,-50,+aREquywgSezSV8dVc2XoKMCqCE=,IulQnIvn4mRBTdCsb2otO8eWhTI=
30,-49,+aREquywgSezSV8dVc2XoKMCqCE=,/5pXPK18jGlBPnU+PO8dIvSDd3Q=
16,-63,+aREquywgSezSV8dVc2XoKMCqCE=,MjvUmlx5nzuy1nmY6j0yhF4lbjM=
17,-63,+aREquywgSezSV8dVc2XoKMCqCE=,MjvUmlx5nzuy1nmY6j0yhF4lbjM=
17,-64,+aREquywgSezSV8dVc2XoKMCqCE=,MjvUmlx5nzuy1nmY6j0yhF4lbjM=
16,-64,+aREquywgSezSV8dVc2XoKMCqCE=,MjvUmlx5nzuy1nmY6j0yhF4lbjM=
30,-50,+aREquywgSezSV8dVc2XoKMCqCE=,/5pXPK18jGlBPnU+PO8dIvSDd3Q=
17,-53,+aREquywgSezSV8dVc2XoKMCqCE=,7tmrZcG2s6B0od9n3mukKaIy190=
16,-52,+aREquywgSezSV8dVc2XoKMCqCE=,IulQnIvn4mRBTdCsb2otO8eWhTI=
16,-53,e+mi9H5EvtGVsJLOWpK55T8LE/Y=,7tmrZcG2s6B0od9n3mukKaIy190=
17,-58,e+mi9H5EvtGVsJLOWpK55T8LE/Y=,JXdoFEinL/EvuzV+W2iDpQQtmbw=
16,-58,e+mi9H5EvtGVsJLOWpK55T8LE/Y=,JXdoFEinL/EvuzV+W2iDpQQtmbw=
16,-57,e+mi9H5EvtGVsJLOWpK55T8LE/Y=,JXdoFEinL/EvuzV+W2iDpQQtmbw=
17,-54,e+mi9H5EvtGVsJLOWpK55T8LE/Y=,7tmrZcG2s6B0od9n3mukKaIy190=
17,-57,e+mi9H5EvtGVsJLOWpK55T8LE/Y=,JXdoFEinL/EvuzV+W2iDpQQtmbw=
16,-51,e+mi9H5EvtGVsJLOWpK55T8LE/Y=,IulQnIvn4mRBTdCsb2otO8eWhTI=
16,-54,e+mi9H5EvtGVsJLOWpK55T8LE/Y=,7tmrZcG2s6B0od9n3mukKaIy190=
17,-55,e+mi9H5EvtGVsJLOWpK55T8LE/Y=,7tmrZcG2s6B0od9n3mukKaIy190=
17,-56,e+mi9H5EvtGVsJLOWpK55T8LE/Y=,7tmrZcG2s6B0od9n3mukKaIy190=
16,-56,e+mi9H5EvtGVsJLOWpK55T8LE/Y=,7tmrZcG2s6B0od9n3mukKaIy190=
16,-55,e+mi9H5EvtGVsJLOWpK55T8LE/Y=,7tmrZcG2s6B0od9n3mukKaIy190=
17,-52,e+mi9H5EvtGVsJLOWpK55T8LE/Y=,IulQnIvn4mRBTdCsb2otO8eWhTI=
17,-51,e+mi9H5EvtGVsJLOWpK55T8LE/Y=,IulQnIvn4mRBTdCsb2otO8eWhTI=
30,-62,e+mi9H5EvtGVsJLOWpK55T8LE/Y=,4/HUr9wFSkEaix6Fa5qntXCceGY=
31,-63,e+mi9H5EvtGVsJLOWpK55T8LE/Y=,4/HUr9wFSkEaix6Fa5qntXCceGY=
30,-63,e+mi9H5EvtGVsJLOWpK55T8LE/Y=,4/HUr9wFSkEaix6Fa5qntXCceGY=
31,-62,e+mi9H5EvtGVsJLOWpK55T8LE/Y=,4/HUr9wFSkEaix6Fa5qntXCceGY=
30,-61,e+mi9H5EvtGVsJLOWpK55T8LE/Y=,4/HUr9wFSkEaix6Fa5qntXCceGY=
31,-61,e+mi9H5EvtGVsJLOWpK55T8LE/Y=,4/HUr9wFSkEaix6Fa5qntXCceGY=
30,-59,e+mi9H5EvtGVsJLOWpK55T8LE/Y=,wtOcySEaCzGUjCI14Qi0cPUkUIM=
30,-64,e+mi9H5EvtGVsJLOWpK55T8LE/Y=,4/HUr9wFSkEaix6Fa5qntXCceGY=
31,-60,e+mi9H5EvtGVsJLOWpK55T8LE/Y=,wtOcySEaCzGUjCI14Qi0cPUkUIM=
31,-59,e+mi9H5EvtGVsJLOWpK55T8LE/Y=,wtOcySEaCzGUjCI14Qi0cPUkUIM=
30,-60,e+mi9H5EvtGVsJLOWpK55T8LE/Y=,wtOcySEaCzGUjCI14Qi0cPUkUIM=
31,-64,e+mi9H5EvtGVsJLOWpK55T8LE/Y=,4/HUr9wFSkEaix6Fa5qntXCceGY=
10,-61,fFh4E+DXLMGMYWvV2QfXRlZP7nY=,pxAXn5wywCxNoH5u2ASrKOGREaw=
10,-60,fFh4E+DXLMGMYWvV2QfXRlZP7nY=,OrUTPPlLi/s1huVlrMPw6S0m7C0=
11,-60,fFh4E+DXLMGMYWvV2QfXRlZP7nY=,OrUTPPlLi/s1huVlrMPw6S0m7C0=
10,-59,fFh4E+DXLMGMYWvV2QfXRlZP7nY=,OrUTPPlLi/s1huVlrMPw6S0m7C0=
13,-60,fFh4E+DXLMGMYWvV2QfXRlZP7nY=,orKfEi8b7axT9dODCCaMjTtXMDQ=
12,-59,fFh4E+DXLMGMYWvV2QfXRlZP7nY=,orKfEi8b7axT9dODCCaMjTtXMDQ=
13,-61,fFh4E+DXLMGMYWvV2QfXRlZP7nY=,dh0sPrevkAt1bQbVZY0uEmBDeGk=
12,-60,fFh4E+DXLMGMYWvV2QfXRlZP7nY=,orKfEi8b7axT9dODCCaMjTtXMDQ=
12,-62,fFh4E+DXLMGMYWvV2QfXRlZP7nY=,dh0sPrevkAt1bQbVZY0uEmBDeGk=
13,-62,fFh4E+DXLMGMYWvV2QfXRlZP7nY=,dh0sPrevkAt1bQbVZY0uEmBDeGk=
13,-59,fFh4E+DXLMGMYWvV2QfXRlZP7nY=,orKfEi8b7axT9dODCCaMjTtXMDQ=
11,-62,fFh4E+DXLMGMYWvV2QfXRlZP7nY=,pxAXn5wywCxNoH5u2ASrKOGREaw=
11,-61,fFh4E+DXLMGMYWvV2QfXRlZP7nY=,pxAXn5wywCxNoH5u2ASrKOGREaw=
11,-59,fFh4E+DXLMGMYWvV2QfXRlZP7nY=,OrUTPPlLi/s1huVlrMPw6S0m7C0=
12,-61,fFh4E+DXLMGMYWvV2QfXRlZP7nY=,dh0sPrevkAt1bQbVZY0uEmBDeGk=
10,-62,fFh4E+DXLMGMYWvV2QfXRlZP7nY=,pxAXn5wywCxNoH5u2ASrKOGREaw=
7,-61,fp68i6Wf+pRydTdp7UXyCmHn8Rk=,xePuRusP5+koHijbgpunlX0szQI=
6,-61,fp68i6Wf+pRydTdp7UXyCmHn8Rk=,xePuRusP5+koHijbgpunlX0szQI=
7,-62,fp68i6Wf+pRydTdp7UXyCmHn8Rk=,xePuRusP5+koHijbgpunlX0szQI=
9,-61,fp68i6Wf+pRydTdp7UXyCmHn8Rk=,pxAXn5wywCxNoH5u2ASrKOGREaw=
6,-62,fp68i6Wf+pRydTdp7UXyCmHn8Rk=,xePuRusP5+koHijbgpunlX0szQI=
8,-61,fp68i6Wf+pRydTdp7UXyCmHn8Rk=,pxAXn5wywCxNoH5u2ASrKOGREaw=
7,-59,fp68i6Wf+pRydTdp7UXyCmHn8Rk=,0TKMi1XSfk+LguLlhCedWMsrLh0=
9,-59,fp68i6Wf+pRydTdp7UXyCmHn8Rk=,OrUTPPlLi/s1huVlrMPw6S0m7C0=
8,-59,fp68i6Wf+pRydTdp7UXyCmHn8Rk=,OrUTPPlLi/s1huVlrMPw6S0m7C0=
6,-60,fp68i6Wf+pRydTdp7UXyCmHn8Rk=,0TKMi1XSfk+LguLlhCedWMsrLh0=
9,-62,fp68i6Wf+pRydTdp7UXyCmHn8Rk=,pxAXn5wywCxNoH5u2ASrKOGREaw=
7,-60,fp68i6Wf+pRydTdp7UXyCmHn8Rk=,0TKMi1XSfk+LguLlhCedWMsrLh0=
6,-59,fp68i6Wf+pRydTdp7UXyCmHn8Rk=,0TKMi1XSfk+LguLlhCedWMsrLh0=
9,-60,fp68i6Wf+pRydTdp7UXyCmHn8Rk=,OrUTPPlLi/s1huVlrMPw6S0m7C0=
8,-60,fp68i6Wf+pRydTdp7UXyCmHn8Rk=,OrUTPPlLi/s1huVlrMPw6S0m7C0=
8,-62,fp68i6Wf+pRydTdp7UXyCmHn8Rk=,pxAXn5wywCxNoH5u2ASrKOGREaw=
8,-56,FBNpuTWQBnC1F62yGWXXGFPS7gM=,TIjmsqu/km3KUGGuxuBDJ11/h3I=
7,-57,FBNpuTWQBnC1F62yGWXXGFPS7gM=,0TKMi1XSfk+LguLlhCedWMsrLh0=
9,-57,FBNpuTWQBnC1F62yGWXXGFPS7gM=,OrUTPPlLi/s1huVlrMPw6S0m7C0=
9,-56,FBNpuTWQBnC1F62yGWXXGFPS7gM=,TIjmsqu/km3KUGGuxuBDJ11/h3I=
9,-58,FBNpuTWQBnC1F62yGWXXGFPS7gM=,OrUTPPlLi/s1huVlrMPw6S0m7C0=
9,-55,FBNpuTWQBnC1F62yGWXXGFPS7gM=,TIjmsqu/km3KUGGuxuBDJ11/h3I=
6,-56,FBNpuTWQBnC1F62yGWXXGFPS7gM=,UhXHuYDT5JN8PiyldXWMnjM0We0=
8,-55,FBNpuTWQBnC1F62yGWXXGFPS7gM=,TIjmsqu/km3KUGGuxuBDJ11/h3I=
6,-58,FBNpuTWQBnC1F62yGWXXGFPS7gM=,0TKMi1XSfk+LguLlhCedWMsrLh0=
6,-57,FBNpuTWQBnC1F62yGWXXGFPS7gM=,0TKMi1XSfk+LguLlhCedWMsrLh0=
7,-58,FBNpuTWQBnC1F62yGWXXGFPS7gM=,0TKMi1XSfk+LguLlhCedWMsrLh0=
8,-57,FBNpuTWQBnC1F62yGWXXGFPS7gM=,OrUTPPlLi/s1huVlrMPw6S0m7C0=
6,-55,FBNpuTWQBnC1F62yGWXXGFPS7gM=,UhXHuYDT5JN8PiyldXWMnjM0We0=
8,-58,FBNpuTWQBnC1F62yGWXXGFPS7gM=,OrUTPPlLi/s1huVlrMPw6S0m7C0=
7,-56,FBNpuTWQBnC1F62yGWXXGFPS7gM=,UhXHuYDT5JN8PiyldXWMnjM0We0=
7,-55,FBNpuTWQBnC1F62yGWXXGFPS7gM=,UhXHuYDT5JN8PiyldXWMnjM0We0=
10,-56,vzfBEgOAkkXW2HARi0u/xh7bHQc=,TIjmsqu/km3KUGGuxuBDJ11/h3I=
11,-57,vzfBEgOAkkXW2HARi0u/xh7bHQc=,OrUTPPlLi/s1huVlrMPw6S0m7C0=
11,-56,vzfBEgOAkkXW2HARi0u/xh7bHQc=,TIjmsqu/km3KUGGuxuBDJ11/h3I=
12,-57,vzfBEgOAkkXW2HARi0u/xh7bHQc=,orKfEi8b7axT9dODCCaMjTtXMDQ=
10,-58,vzfBEgOAkkXW2HARi0u/xh7bHQc=,OrUTPPlLi/s1huVlrMPw6S0m7C0=
12,-58,vzfBEgOAkkXW2HARi0u/xh7bHQc=,orKfEi8b7axT9dODCCaMjTtXMDQ=
12,-56,vzfBEgOAkkXW2HARi0u/xh7bHQc=,fIy8U/IXtO4hQU+FMMGakKQ00yI=
13,-58,vzfBEgOAkkXW2HARi0u/xh7bHQc=,orKfEi8b7axT9dODCCaMjTtXMDQ=
13,-56,vzfBEgOAkkXW2HARi0u/xh7bHQc=,fIy8U/IXtO4hQU+FMMGakKQ00yI=
13,-55,vzfBEgOAkkXW2HARi0u/xh7bHQc=,fIy8U/IXtO4hQU+FMMGakKQ00yI=
11,-55,vzfBEgOAkkXW2HARi0u/xh7bHQc=,TIjmsqu/km3KUGGuxuBDJ11/h3I=
12,-55,vzfBEgOAkkXW2HARi0u/xh7bHQc=,fIy8U/IXtO4hQU+FMMGakKQ00yI=
10,-57,vzfBEgOAkkXW2HARi0u/xh7bHQc=,OrUTPPlLi/s1huVlrMPw6S0m7C0=
13,-57,vzfBEgOAkkXW2HARi0u/xh7bHQc=,orKfEi8b7axT9dODCCaMjTtXMDQ=
11,-58,vzfBEgOAkkXW2HARi0u/xh7bHQc=,OrUTPPlLi/s1huVlrMPw6S0m7C0=
10,-55,vzfBEgOAkkXW2HARi0u/xh7bHQc=,TIjmsqu/km3KUGGuxuBDJ11/h3I=
5,-57,649iqvC7i3Fge7L69AQSRkUK7z0=,0TKMi1XSfk+LguLlhCedWMsrLh0=
2,-57,649iqvC7i3Fge7L69AQSRkUK7z0=,9IyShVHftx29K6CjyzekiAUFiZM=
4,-57,649iqvC7i3Fge7L69AQSRkUK7z0=,0TKMi1XSfk+LguLlhCedWMsrLh0=
3,-57,649iqvC7i3Fge7L69AQSRkUK7z0=,9IyShVHftx29K6CjyzekiAUFiZM=
4,-56,649iqvC7i3Fge7L69AQSRkUK7z0=,UhXHuYDT5JN8PiyldXWMnjM0We0=
4,-58,649iqvC7i3Fge7L69AQSRkUK7z0=,0TKMi1XSfk+LguLlhCedWMsrLh0=
5,-56,649iqvC7i3Fge7L69AQSRkUK7z0=,UhXHuYDT5JN8PiyldXWMnjM0We0=
4,-55,649iqvC7i3Fge7L69AQSRkUK7z0=,UhXHuYDT5JN8PiyldXWMnjM0We0=
3,-58,649iqvC7i3Fge7L69AQSRkUK7z0=,9IyShVHftx29K6CjyzekiAUFiZM=
2,-56,649iqvC7i3Fge7L69AQSRkUK7z0=,7d0PNJFjg2iLVZQrHCvUbTJE850=
2,-58,649iqvC7i3Fge7L69AQSRkUK7z0=,9IyShVHftx29K6CjyzekiAUFiZM=
3,-56,649iqvC7i3Fge7L69AQSRkUK7z0=,7d0PNJFjg2iLVZQrHCvUbTJE850=
5,-58,649iqvC7i3Fge7L69AQSRkUK7z0=,0TKMi1XSfk+LguLlhCedWMsrLh0=
5,-55,649iqvC7i3Fge7L69AQSRkUK7z0=,UhXHuYDT5JN8PiyldXWMnjM0We0=
3,-55,649iqvC7i3Fge7L69AQSRkUK7z0=,7d0PNJFjg2iLVZQrHCvUbTJE850=
2,-55,649iqvC7i3Fge7L69AQSRkUK7z0=,7d0PNJFjg2iLVZQrHCvUbTJE850=
8,-54,BMiuRNJJ+R5GzPv7vJTHVLKq8vc=,TIjmsqu/km3KUGGuxuBDJ11/h3I=
6,-53,BMiuRNJJ+R5GzPv7vJTHVLKq8vc=,UhXHuYDT5JN8PiyldXWMnjM0We0=
9,-54,BMiuRNJJ+R5GzPv7vJTHVLKq8vc=,TIjmsqu/km3KUGGuxuBDJ11/h3I=
6,-49,BMiuRNJJ+R5GzPv7vJTHVLKq8vc=,jMNB/PIq+Caj683+Sehfl6aUSMs=
7,-53,BMiuRNJJ+R5GzPv7vJTHVLKq8vc=,UhXHuYDT5JN8PiyldXWMnjM0We0=
7,-49,BMiuRNJJ+R5GzPv7vJTHVLKq8vc=,jMNB/PIq+Caj683+Sehfl6aUSMs=
8,-52,BMiuRNJJ+R5GzPv7vJTHVLKq8vc=,pHQagMOUfrq9kyNeKjo2sjDt6gk=
9,-52,BMiuRNJJ+R5GzPv7vJTHVLKq8vc=,pHQagMOUfrq9kyNeKjo2sjDt6gk=
7,-51,BMiuRNJJ+R5GzPv7vJTHVLKq8vc=,jMNB/PIq+Caj683+Sehfl6aUSMs=
8,-53,BMiuRNJJ+R5GzPv7vJTHVLKq8vc=,TIjmsqu/km3KUGGuxuBDJ11/h3I=
7,-54,BMiuRNJJ+R5GzPv7vJTHVLKq8vc=,UhXHuYDT5JN8PiyldXWMnjM0We0=
6,-50,BMiuRNJJ+R5GzPv7vJTHVLKq8vc=,jMNB/PIq+Caj683+Sehfl6aUSMs=
8,-51,BMiuRNJJ+R5GzPv7vJTHVLKq8vc=,pHQagMOUfrq9kyNeKjo2sjDt6gk=
7,-50,BMiuRNJJ+R5GzPv7vJTHVLKq8vc=,jMNB/PIq+Caj683+Sehfl6aUSMs=
8,-50,BMiuRNJJ+R5GzPv7vJTHVLKq8vc=,pHQagMOUfrq9kyNeKjo2sjDt6gk=
8,-49,BMiuRNJJ+R5GzPv7vJTHVLKq8vc=,pHQagMOUfrq9kyNeKjo2sjDt6gk=
9,-51,BMiuRNJJ+R5GzPv7vJTHVLKq8vc=,pHQagMOUfrq9kyNeKjo2sjDt6gk=
6,-54,BMiuRNJJ+R5GzPv7vJTHVLKq8vc=,UhXHuYDT5JN8PiyldXWMnjM0We0=
9,-50,BMiuRNJJ+R5GzPv7vJTHVLKq8vc=,pHQagMOUfrq9kyNeKjo2sjDt6gk=
9,-53,BMiuRNJJ+R5GzPv7vJTHVLKq8vc=,TIjmsqu/km3KUGGuxuBDJ11/h3I=
6,-51,BMiuRNJJ+R5GzPv7vJTHVLKq8vc=,jMNB/PIq+Caj683+Sehfl6aUSMs=
9,-49,BMiuRNJJ+R5GzPv7vJTHVLKq8vc=,pHQagMOUfrq9kyNeKjo2sjDt6gk=
7,-52,BMiuRNJJ+R5GzPv7vJTHVLKq8vc=,jMNB/PIq+Caj683+Sehfl6aUSMs=
6,-52,BMiuRNJJ+R5GzPv7vJTHVLKq8vc=,jMNB/PIq+Caj683+Sehfl6aUSMs=
4,-53,RViUwzeuyFu0fOosN3VmCE0viR0=,UhXHuYDT5JN8PiyldXWMnjM0We0=
2,-53,RViUwzeuyFu0fOosN3VmCE0viR0=,7d0PNJFjg2iLVZQrHCvUbTJE850=
4,-51,RViUwzeuyFu0fOosN3VmCE0viR0=,jMNB/PIq+Caj683+Sehfl6aUSMs=
5,-51,RViUwzeuyFu0fOosN3VmCE0viR0=,jMNB/PIq+Caj683+Sehfl6aUSMs=
5,-52,RViUwzeuyFu0fOosN3VmCE0viR0=,jMNB/PIq+Caj683+Sehfl6aUSMs=
2,-52,RViUwzeuyFu0fOosN3VmCE0viR0=,1eYw2g57V08mKm4XMXEvbpWzS28=
5,-54,RViUwzeuyFu0fOosN3VmCE0viR0=,UhXHuYDT5JN8PiyldXWMnjM0We0=
4,-52,RViUwzeuyFu0fOosN3VmCE0viR0=,jMNB/PIq+Caj683+Sehfl6aUSMs=
4,-54,RViUwzeuyFu0fOosN3VmCE0viR0=,UhXHuYDT5JN8PiyldXWMnjM0We0=
3,-52,RViUwzeuyFu0fOosN3VmCE0viR0=,1eYw2g57V08mKm4XMXEvbpWzS28=
2,-51,RViUwzeuyFu0fOosN3VmCE0viR0=,1eYw2g57V08mKm4XMXEvbpWzS28=
5,-53,RViUwzeuyFu0fOosN3VmCE0viR0=,UhXHuYDT5JN8PiyldXWMnjM0We0=
3,-54,RViUwzeuyFu0fOosN3VmCE0viR0=,7d0PNJFjg2iLVZQrHCvUbTJE850=
2,-54,RViUwzeuyFu0fOosN3VmCE0viR0=,7d0PNJFjg2iLVZQrHCvUbTJE850=
3,-51,RViUwzeuyFu0fOosN3VmCE0viR0=,1eYw2g57V08mKm4XMXEvbpWzS28=
3,-53,RViUwzeuyFu0fOosN3VmCE0viR0=,7d0PNJFjg2iLVZQrHCvUbTJE850=
2,-49,RViUwzeuyFu0fOosN3VmCE0viR0=,1eYw2g57V08mKm4XMXEvbpWzS28=
3,-50,RViUwzeuyFu0fOosN3VmCE0viR0=,1eYw2g57V08mKm4XMXEvbpWzS28=
3,-49,RViUwzeuyFu0fOosN3VmCE0viR0=,1eYw2g57V08mKm4XMXEvbpWzS28=
4,-49,RViUwzeuyFu0fOosN3VmCE0viR0=,jMNB/PIq+Caj683+Sehfl6aUSMs=
5,-50,RViUwzeuyFu0fOosN3VmCE0viR0=,jMNB/PIq+Caj683+Sehfl6aUSMs=
2,-50,RViUwzeuyFu0fOosN3VmCE0viR0=,1eYw2g57V08mKm4XMXEvbpWzS28=
5,-49,RViUwzeuyFu0fOosN3VmCE0viR0=,jMNB/PIq+Caj683+Sehfl6aUSMs=
4,-50,RViUwzeuyFu0fOosN3VmCE0viR0=,jMNB/PIq+Caj683+Sehfl6aUSMs=
12,-52,AD8/aa06h0X1zZk/1ycb5devl6U=,7LljXWgyN/OpurlI3EBxmRoIx0s=
13,-52,AD8/aa06h0X1zZk/1ycb5devl6U=,7LljXWgyN/OpurlI3EBxmRoIx0s=
14,-53,AD8/aa06h0X1zZk/1ycb5devl6U=,fIy8U/IXtO4hQU+FMMGakKQ00yI=
15,-53,AD8/aa06h0X1zZk/1ycb5devl6U=,fIy8U/IXtO4hQU+FMMGakKQ00yI=
10,-52,AD8/aa06h0X1zZk/1ycb5devl6U=,pHQagMOUfrq9kyNeKjo2sjDt6gk=
12,-53,AD8/aa06h0X1zZk/1ycb5devl6U=,fIy8U/IXtO4hQU+FMMGakKQ00yI=
13,-53,AD8/aa06h0X1zZk/1ycb5devl6U=,fIy8U/IXtO4hQU+FMMGakKQ00yI=
11,-52,AD8/aa06h0X1zZk/1ycb5devl6U=,pHQagMOUfrq9kyNeKjo2sjDt6gk=
12,-50,AD8/aa06h0X1zZk/1ycb5devl6U=,7LljXWgyN/OpurlI3EBxmRoIx0s=
13,-50,AD8/aa06h0X1zZk/1ycb5devl6U=,7LljXWgyN/OpurlI3EBxmRoIx0s=
12,-54,AD8/aa06h0X1zZk/1ycb5devl6U=,fIy8U/IXtO4hQU+FMMGakKQ00yI=
11,-49,AD8/aa06h0X1zZk/1ycb5devl6U=,pHQagMOUfrq9kyNeKjo2sjDt6gk=
13,-51,AD8/aa06h0X1zZk/1ycb5devl6U=,7LljXWgyN/OpurlI3EBxmRoIx0s=
12,-51,AD8/aa06h0X1zZk/1ycb5devl6U=,7LljXWgyN/OpurlI3EBxmRoIx0s=
10,-53,AD8/aa06h0X1zZk/1ycb5devl6U=,TIjmsqu/km3KUGGuxuBDJ11/h3I=
11,-50,AD8/aa06h0X1zZk/1ycb5devl6U=,pHQagMOUfrq9kyNeKjo2sjDt6gk=
10,-51,AD8/aa06h0X1zZk/1ycb5devl6U=,pHQagMOUfrq9kyNeKjo2sjDt6gk=
12,-49,AD8/aa06h0X1zZk/1ycb5devl6U=,7LljXWgyN/OpurlI3EBxmRoIx0s=
10,-50,AD8/aa06h0X1zZk/1ycb5devl6U=,pHQagMOUfrq9kyNeKjo2sjDt6gk=
13,-54,AD8/aa06h0X1zZk/1ycb5devl6U=,fIy8U/IXtO4hQU+FMMGakKQ00yI=
10,-49,AD8/aa06h0X1zZk/1ycb5devl6U=,pHQagMOUfrq9kyNeKjo2sjDt6gk=
13,-49,AD8/aa06h0X1zZk/1ycb5devl6U=,7LljXWgyN/OpurlI3EBxmRoIx0s=
15,-51,AD8/aa06h0X1zZk/1ycb5devl6U=,7LljXWgyN/OpurlI3EBxmRoIx0s=
10,-54,AD8/aa06h0X1zZk/1ycb5devl6U=,TIjmsqu/km3KUGGuxuBDJ11/h3I=
11,-53,AD8/aa06h0X1zZk/1ycb5devl6U=,TIjmsqu/km3KUGGuxuBDJ11/h3I=
14,-54,AD8/aa06h0X1zZk/1ycb5devl6U=,fIy8U/IXtO4hQU+FMMGakKQ00yI=
15,-54,AD8/aa06h0X1zZk/1ycb5devl6U=,fIy8U/IXtO4hQU+FMMGakKQ00yI=
14,-52,AD8/aa06h0X1zZk/1ycb5devl6U=,7LljXWgyN/OpurlI3EBxmRoIx0s=
14,-51,AD8/aa06h0X1zZk/1ycb5devl6U=,7LljXWgyN/OpurlI3EBxmRoIx0s=
15,-52,AD8/aa06h0X1zZk/1ycb5devl6U=,7LljXWgyN/OpurlI3EBxmRoIx0s=
11,-51,AD8/aa06h0X1zZk/1ycb5devl6U=,pHQagMOUfrq9kyNeKjo2sjDt6gk=
11,-54,AD8/aa06h0X1zZk/1ycb5devl6U=,TIjmsqu/km3KUGGuxuBDJ11/h3I=
15,-57,AD8/aa06h0X1zZk/1ycb5devl6U=,orKfEi8b7axT9dODCCaMjTtXMDQ=
14,-57,AD8/aa06h0X1zZk/1ycb5devl6U=,orKfEi8b7axT9dODCCaMjTtXMDQ=
15,-56,AD8/aa06h0X1zZk/1ycb5devl6U=,fIy8U/IXtO4hQU+FMMGakKQ00yI=
14,-56,AD8/aa06h0X1zZk/1ycb5devl6U=,fIy8U/IXtO4hQU+FMMGakKQ00yI=
15,-58,AD8/aa06h0X1zZk/1ycb5devl6U=,orKfEi8b7axT9dODCCaMjTtXMDQ=
15,-60,AD8/aa06h0X1zZk/1ycb5devl6U=,orKfEi8b7axT9dODCCaMjTtXMDQ=
14,-62,AD8/aa06h0X1zZk/1ycb5devl6U=,dh0sPrevkAt1bQbVZY0uEmBDeGk=
14,-59,AD8/aa06h0X1zZk/1ycb5devl6U=,orKfEi8b7axT9dODCCaMjTtXMDQ=
15,-62,AD8/aa06h0X1zZk/1ycb5devl6U=,dh0sPrevkAt1bQbVZY0uEmBDeGk=
14,-60,AD8/aa06h0X1zZk/1ycb5devl6U=,orKfEi8b7axT9dODCCaMjTtXMDQ=
14,-58,AD8/aa06h0X1zZk/1ycb5devl6U=,orKfEi8b7axT9dODCCaMjTtXMDQ=
15,-55,AD8/aa06h0X1zZk/1ycb5devl6U=,fIy8U/IXtO4hQU+FMMGakKQ00yI=
15,-59,AD8/aa06h0X1zZk/1ycb5devl6U=,orKfEi8b7axT9dODCCaMjTtXMDQ=
14,-55,AD8/aa06h0X1zZk/1ycb5devl6U=,fIy8U/IXtO4hQU+FMMGakKQ00yI=
14,-61,AD8/aa06h0X1zZk/1ycb5devl6U=,dh0sPrevkAt1bQbVZY0uEmBDeGk=
15,-61,AD8/aa06h0X1zZk/1ycb5devl6U=,dh0sPrevkAt1bQbVZY0uEmBDeGk=
13,-63,GpBOX/ynIXeNa3jIsvd2y4JFN+E=,dh0sPrevkAt1bQbVZY0uEmBDeGk=
12,-63,GpBOX/ynIXeNa3jIsvd2y4JFN+E=,dh0sPrevkAt1bQbVZY0uEmBDeGk=
11,-63,GpBOX/ynIXeNa3jIsvd2y4JFN+E=,pxAXn5wywCxNoH5u2ASrKOGREaw=
12,-64,GpBOX/ynIXeNa3jIsvd2y4JFN+E=,dh0sPrevkAt1bQbVZY0uEmBDeGk=
11,-64,GpBOX/ynIXeNa3jIsvd2y4JFN+E=,pxAXn5wywCxNoH5u2ASrKOGREaw=
10,-63,GpBOX/ynIXeNa3jIsvd2y4JFN+E=,pxAXn5wywCxNoH5u2ASrKOGREaw=
10,-64,GpBOX/ynIXeNa3jIsvd2y4JFN+E=,pxAXn5wywCxNoH5u2ASrKOGREaw=
13,-64,GpBOX/ynIXeNa3jIsvd2y4JFN+E=,dh0sPrevkAt1bQbVZY0uEmBDeGk=
6,-64,GpBOX/ynIXeNa3jIsvd2y4JFN+E=,xePuRusP5+koHijbgpunlX0szQI=
6,-63,GpBOX/ynIXeNa3jIsvd2y4JFN+E=,xePuRusP5+koHijbgpunlX0szQI=
7,-63,GpBOX/ynIXeNa3jIsvd2y4JFN+E=,xePuRusP5+koHijbgpunlX0szQI=
8,-63,GpBOX/ynIXeNa3jIsvd2y4JFN+E=,pxAXn5wywCxNoH5u2ASrKOGREaw=
8,-64,GpBOX/ynIXeNa3jIsvd2y4JFN+E=,pxAXn5wywCxNoH5u2ASrKOGREaw=
9,-63,GpBOX/ynIXeNa3jIsvd2y4JFN+E=,pxAXn5wywCxNoH5u2ASrKOGREaw=
7,-64,GpBOX/ynIXeNa3jIsvd2y4JFN+E=,xePuRusP5+koHijbgpunlX0szQI=
9,-64,GpBOX/ynIXeNa3jIsvd2y4JFN+E=,pxAXn5wywCxNoH5u2ASrKOGREaw=
15,-63,UPCBfbx9r/7cXpsr5aiWYuzPEeU=,dh0sPrevkAt1bQbVZY0uEmBDeGk=
14,-64,UPCBfbx9r/7cXpsr5aiWYuzPEeU=,dh0sPrevkAt1bQbVZY0uEmBDeGk=
14,-63,UPCBfbx9r/7cXpsr5aiWYuzPEeU=,dh0sPrevkAt1bQbVZY0uEmBDeGk=
15,-64,UPCBfbx9r/7cXpsr5aiWYuzPEeU=,dh0sPrevkAt1bQbVZY0uEmBDeGk=
0,-52,UPCBfbx9r/7cXpsr5aiWYuzPEeU=,1eYw2g57V08mKm4XMXEvbpWzS28=
1,-52,UPCBfbx9r/7cXpsr5aiWYuzPEeU=,1eYw2g57V08mKm4XMXEvbpWzS28=
0,-51,UPCBfbx9r/7cXpsr5aiWYuzPEeU=,1eYw2g57V08mKm4XMXEvbpWzS28=
0,-53,UPCBfbx9r/7cXpsr5aiWYuzPEeU=,7d0PNJFjg2iLVZQrHCvUbTJE850=
1,-51,UPCBfbx9r/7cXpsr5aiWYuzPEeU=,1eYw2g57V08mKm4XMXEvbpWzS28=
15,-50,UPCBfbx9r/7cXpsr5aiWYuzPEeU=,7LljXWgyN/OpurlI3EBxmRoIx0s=
15,-49,UPCBfbx9r/7cXpsr5aiWYuzPEeU=,7LljXWgyN/OpurlI3EBxmRoIx0s=
0,-56,UPCBfbx9r/7cXpsr5aiWYuzPEeU=,7d0PNJFjg2iLVZQrHCvUbTJE850=
0,-57,UPCBfbx9r/7cXpsr5aiWYuzPEeU=,9IyShVHftx29K6CjyzekiAUFiZM=
1,-58,UPCBfbx9r/7cXpsr5aiWYuzPEeU=,9IyShVHftx29K6CjyzekiAUFiZM=
14,-50,UPCBfbx9r/7cXpsr5aiWYuzPEeU=,7LljXWgyN/OpurlI3EBxmRoIx0s=
1,-55,UPCBfbx9r/7cXpsr5aiWYuzPEeU=,7d0PNJFjg2iLVZQrHCvUbTJE850=
0,-58,UPCBfbx9r/7cXpsr5aiWYuzPEeU=,9IyShVHftx29K6CjyzekiAUFiZM=
0,-54,UPCBfbx9r/7cXpsr5aiWYuzPEeU=,7d0PNJFjg2iLVZQrHCvUbTJE850=
1,-53,UPCBfbx9r/7cXpsr5aiWYuzPEeU=,7d0PNJFjg2iLVZQrHCvUbTJE850=
1,-54,UPCBfbx9r/7cXpsr5aiWYuzPEeU=,7d0PNJFjg2iLVZQrHCvUbTJE850=
0,-55,UPCBfbx9r/7cXpsr5aiWYuzPEeU=,7d0PNJFjg2iLVZQrHCvUbTJE850=
1,-57,UPCBfbx9r/7cXpsr5aiWYuzPEeU=,9IyShVHftx29K6CjyzekiAUFiZM=
1,-56,UPCBfbx9r/7cXpsr5aiWYuzPEeU=,7d0PNJFjg2iLVZQrHCvUbTJE850=
14,-49,UPCBfbx9r/7cXpsr5aiWYuzPEeU=,7LljXWgyN/OpurlI3EBxmRoIx0s=
0,-50,1xeb4A4IOEhRdW+tPpUi2bZbgoM=,1eYw2g57V08mKm4XMXEvbpWzS28=
1,-49,1xeb4A4IOEhRdW+tPpUi2bZbgoM=,1eYw2g57V08mKm4XMXEvbpWzS28=
1,-50,1xeb4A4IOEhRdW+tPpUi2bZbgoM=,1eYw2g57V08mKm4XMXEvbpWzS28=
0,-49,1xeb4A4IOEhRdW+tPpUi2bZbgoM=,1eYw2g57V08mKm4XMXEvbpWzS28=
4,-64,1xeb4A4IOEhRdW+tPpUi2bZbgoM=,xePuRusP5+koHijbgpunlX0szQI=
5,-61,1xeb4A4IOEhRdW+tPpUi2bZbgoM=,xePuRusP5+koHijbgpunlX0szQI=
4,-61,1xeb4A4IOEhRdW+tPpUi2bZbgoM=,xePuRusP5+koHijbgpunlX0szQI=
4,-62,1xeb4A4IOEhRdW+tPpUi2bZbgoM=,xePuRusP5+koHijbgpunlX0szQI=
2,-61,1xeb4A4IOEhRdW+tPpUi2bZbgoM=,QFsUsAoDjJ0vyFpxRMGg1eGJKBE=
0,-61,1xeb4A4IOEhRdW+tPpUi2bZbgoM=,QFsUsAoDjJ0vyFpxRMGg1eGJKBE=
3,-62,1xeb4A4IOEhRdW+tPpUi2bZbgoM=,QFsUsAoDjJ0vyFpxRMGg1eGJKBE=
5,-63,1xeb4A4IOEhRdW+tPpUi2bZbgoM=,xePuRusP5+koHijbgpunlX0szQI=
0,-62,1xeb4A4IOEhRdW+tPpUi2bZbgoM=,QFsUsAoDjJ0vyFpxRMGg1eGJKBE=
4,-63,1xeb4A4IOEhRdW+tPpUi2bZbgoM=,xePuRusP5+koHijbgpunlX0szQI=
2,-63,1xeb4A4IOEhRdW+tPpUi2bZbgoM=,QFsUsAoDjJ0vyFpxRMGg1eGJKBE=
1,-62,1xeb4A4IOEhRdW+tPpUi2bZbgoM=,QFsUsAoDjJ0vyFpxRMGg1eGJKBE=
2,-59,1xeb4A4IOEhRdW+tPpUi2bZbgoM=,9IyShVHftx29K6CjyzekiAUFiZM=
3,-61,1xeb4A4IOEhRdW+tPpUi2bZbgoM=,QFsUsAoDjJ0vyFpxRMGg1eGJKBE=
0,-63,1xeb4A4IOEhRdW+tPpUi2bZbgoM=,QFsUsAoDjJ0vyFpxRMGg1eGJKBE=
3,-63,1xeb4A4IOEhRdW+tPpUi2bZbgoM=,QFsUsAoDjJ0vyFpxRMGg1eGJKBE=
0,-60,1xeb4A4IOEhRdW+tPpUi2bZbgoM=,9IyShVHftx29K6CjyzekiAUFiZM=
5,-64,1xeb4A4IOEhRdW+tPpUi2bZbgoM=,xePuRusP5+koHijbgpunlX0szQI=
0,-59,1xeb4A4IOEhRdW+tPpUi2bZbgoM=,9IyShVHftx29K6CjyzekiAUFiZM=
5,-60,1xeb4A4IOEhRdW+tPpUi2bZbgoM=,0TKMi1XSfk+LguLlhCedWMsrLh0=
1,-61,1xeb4A4IOEhRdW+tPpUi2bZbgoM=,QFsUsAoDjJ0vyFpxRMGg1eGJKBE=
3,-59,1xeb4A4IOEhRdW+tPpUi2bZbgoM=,9IyShVHftx29K6CjyzekiAUFiZM=
2,-62,1xeb4A4IOEhRdW+tPpUi2bZbgoM=,QFsUsAoDjJ0vyFpxRMGg1eGJKBE=
4,-59,1xeb4A4IOEhRdW+tPpUi2bZbgoM=,0TKMi1XSfk+LguLlhCedWMsrLh0=
5,-59,1xeb4A4IOEhRdW+tPpUi2bZbgoM=,0TKMi1XSfk+LguLlhCedWMsrLh0=
0,-64,1xeb4A4IOEhRdW+tPpUi2bZbgoM=,QFsUsAoDjJ0vyFpxRMGg1eGJKBE=
1,-63,1xeb4A4IOEhRdW+tPpUi2bZbgoM=,QFsUsAoDjJ0vyFpxRMGg1eGJKBE=
1,-60,1xeb4A4IOEhRdW+tPpUi2bZbgoM=,9IyShVHftx29K6CjyzekiAUFiZM=
4,-60,1xeb4A4IOEhRdW+tPpUi2bZbgoM=,0TKMi1XSfk+LguLlhCedWMsrLh0=
3,-64,1xeb4A4IOEhRdW+tPpUi2bZbgoM=,QFsUsAoDjJ0vyFpxRMGg1eGJKBE=
2,-60,1xeb4A4IOEhRdW+tPpUi2bZbgoM=,9IyShVHftx29K6CjyzekiAUFiZM=
3,-60,1xeb4A4IOEhRdW+tPpUi2bZbgoM=,9IyShVHftx29K6CjyzekiAUFiZM=
2,-64,1xeb4A4IOEhRdW+tPpUi2bZbgoM=,QFsUsAoDjJ0vyFpxRMGg1eGJKBE=
5,-62,1xeb4A4IOEhRdW+tPpUi2bZbgoM=,xePuRusP5+koHijbgpunlX0szQI=
1,-59,1xeb4A4IOEhRdW+tPpUi2bZbgoM=,9IyShVHftx29K6CjyzekiAUFiZM=
1,-64,1xeb4A4IOEhRdW+tPpUi2bZbgoM=,QFsUsAoDjJ0vyFpxRMGg1eGJKBE=
11,-35,wYB/QDuQFMKhi1q+GfZiI0Ye9CU=,PaS7d4vv2Ayrbno408rTLw0sX88=
10,-35,wYB/QDuQFMKhi1q+GfZiI0Ye9CU=,PaS7d4vv2Ayrbno408rTLw0sX88=
12,-35,wYB/QDuQFMKhi1q+GfZiI0Ye9CU=,mKd0rBfFX7aFUbdDmggYFpc7J/U=
13,-35,wYB/QDuQFMKhi1q+GfZiI0Ye9CU=,mKd0rBfFX7aFUbdDmggYFpc7J/U=
10,-37,wYB/QDuQFMKhi1q+GfZiI0Ye9CU=,zlL2kMEnnMDdW2STSOrtIdnFZD8=
11,-37,wYB/QDuQFMKhi1q+GfZiI0Ye9CU=,zlL2kMEnnMDdW2STSOrtIdnFZD8=
10,-38,wYB/QDuQFMKhi1q+GfZiI0Ye9CU=,zlL2kMEnnMDdW2STSOrtIdnFZD8=
10,-36,wYB/QDuQFMKhi1q+GfZiI0Ye9CU=,PaS7d4vv2Ayrbno408rTLw0sX88=
11,-36,wYB/QDuQFMKhi1q+GfZiI0Ye9CU=,PaS7d4vv2Ayrbno408rTLw0sX88=
12,-36,wYB/QDuQFMKhi1q+GfZiI0Ye9CU=,mKd0rBfFX7aFUbdDmggYFpc7J/U=
11,-38,jtcf7SyG1zVUZ2FH0q21FOzmTns=,zlL2kMEnnMDdW2STSOrtIdnFZD8=
12,-38,jtcf7SyG1zVUZ2FH0q21FOzmTns=,74AzIOcMy9T6nSHO/fFuFThBqWA=
13,-38,jtcf7SyG1zVUZ2FH0q21FOzmTns=,74AzIOcMy9T6nSHO/fFuFThBqWA=
12,-37,jtcf7SyG1zVUZ2FH0q21FOzmTns=,74AzIOcMy9T6nSHO/fFuFThBqWA=
13,-36,jtcf7SyG1zVUZ2FH0q21FOzmTns=,mKd0rBfFX7aFUbdDmggYFpc7J/U=
13,-37,jtcf7SyG1zVUZ2FH0q21FOzmTns=,74AzIOcMy9T6nSHO/fFuFThBqWA=
6,-36,Mm12ZYpENCcTqrgJr6cEbpperkk=,I/kcuB6ewXEHHe7zE6c6r6S+Jg0=
6,-37,Mm12ZYpENCcTqrgJr6cEbpperkk=,V6u8sS+CphYBAvPj3bMMNxGim/Q=
7,-37,Mm12ZYpENCcTqrgJr6cEbpperkk=,V6u8sS+CphYBAvPj3bMMNxGim/Q=
6,-38,Mm12ZYpENCcTqrgJr6cEbpperkk=,V6u8sS+CphYBAvPj3bMMNxGim/Q=
8,-37,Mm12ZYpENCcTqrgJr6cEbpperkk=,zlL2kMEnnMDdW2STSOrtIdnFZD8=
6,-35,Mm12ZYpENCcTqrgJr6cEbpperkk=,I/kcuB6ewXEHHe7zE6c6r6S+Jg0=
8,-38,Mm12ZYpENCcTqrgJr6cEbpperkk=,zlL2kMEnnMDdW2STSOrtIdnFZD8=
8,-36,Mm12ZYpENCcTqrgJr6cEbpperkk=,PaS7d4vv2Ayrbno408rTLw0sX88=
7,-38,Mm12ZYpENCcTqrgJr6cEbpperkk=,V6u8sS+CphYBAvPj3bMMNxGim/Q=
9,-36,6uf8OP1R96GPS8TK9FBPsGhQIVs=,PaS7d4vv2Ayrbno408rTLw0sX88=
7,-35,6uf8OP1R96GPS8TK9FBPsGhQIVs=,I/kcuB6ewXEHHe7zE6c6r6S+Jg0=
9,-37,6uf8OP1R96GPS8TK9FBPsGhQIVs=,zlL2kMEnnMDdW2STSOrtIdnFZD8=
9,-35,6uf8OP1R96GPS8TK9FBPsGhQIVs=,PaS7d4vv2Ayrbno408rTLw0sX88=
8,-35,6uf8OP1R96GPS8TK9FBPsGhQIVs=,PaS7d4vv2Ayrbno408rTLw0sX88=
9,-38,6uf8OP1R96GPS8TK9FBPsGhQIVs=,zlL2kMEnnMDdW2STSOrtIdnFZD8=
7,-36,6uf8OP1R96GPS8TK9FBPsGhQIVs=,I/kcuB6ewXEHHe7zE6c6r6S+Jg0=
4,-36,6uf8OP1R96GPS8TK9FBPsGhQIVs=,I/kcuB6ewXEHHe7zE6c6r6S+Jg0=
5,-37,6uf8OP1R96GPS8TK9FBPsGhQIVs=,V6u8sS+CphYBAvPj3bMMNxGim/Q=
3,-37,6uf8OP1R96GPS8TK9FBPsGhQIVs=,dD/QUU+/D8nISwqCR0k9M2oq6go=
3,-36,6uf8OP1R96GPS8TK9FBPsGhQIVs=,+zTUHts6MT7Xwjv3d2k+J7We2z4=
2,-38,6uf8OP1R96GPS8TK9FBPsGhQIVs=,dD/QUU+/D8nISwqCR0k9M2oq6go=
2,-37,6uf8OP1R96GPS8TK9FBPsGhQIVs=,dD/QUU+/D8nISwqCR0k9M2oq6go=
4,-37,6uf8OP1R96GPS8TK9FBPsGhQIVs=,V6u8sS+CphYBAvPj3bMMNxGim/Q=
3,-38,6uf8OP1R96GPS8TK9FBPsGhQIVs=,dD/QUU+/D8nISwqCR0k9M2oq6go=
3,-35,6uf8OP1R96GPS8TK9FBPsGhQIVs=,+zTUHts6MT7Xwjv3d2k+J7We2z4=
5,-38,6uf8OP1R96GPS8TK9FBPsGhQIVs=,V6u8sS+CphYBAvPj3bMMNxGim/Q=
5,-36,6uf8OP1R96GPS8TK9FBPsGhQIVs=,I/kcuB6ewXEHHe7zE6c6r6S+Jg0=
4,-38,6uf8OP1R96GPS8TK9FBPsGhQIVs=,V6u8sS+CphYBAvPj3bMMNxGim/Q=
2,-35,6uf8OP1R96GPS8TK9FBPsGhQIVs=,+zTUHts6MT7Xwjv3d2k+J7We2z4=
4,-35,6uf8OP1R96GPS8TK9FBPsGhQIVs=,I/kcuB6ewXEHHe7zE6c6r6S+Jg0=
5,-35,6uf8OP1R96GPS8TK9FBPsGhQIVs=,I/kcuB6ewXEHHe7zE6c6r6S+Jg0=
2,-36,6uf8OP1R96GPS8TK9FBPsGhQIVs=,+zTUHts6MT7Xwjv3d2k+J7We2z4=
2,-45,8gVwmVun9c/4D77/kLOIYel9WWs=,SJ1XSQpE0FS7Ki7hi4payX8Mmfc=
4,-44,8gVwmVun9c/4D77/kLOIYel9WWs=,WATjYRhK2+gSjSrnjjRmu0cLVW4=
2,-41,8gVwmVun9c/4D77/kLOIYel9WWs=,DeYl9C4XPr5PbLt4JnB9UYIewzA=
5,-45,8gVwmVun9c/4D77/kLOIYel9WWs=,ZhW7aKIy+GjSbOxpVsnav+CWqcs=
3,-46,8gVwmVun9c/4D77/kLOIYel9WWs=,SJ1XSQpE0FS7Ki7hi4payX8Mmfc=
2,-42,8gVwmVun9c/4D77/kLOIYel9WWs=,DeYl9C4XPr5PbLt4JnB9UYIewzA=
3,-42,8gVwmVun9c/4D77/kLOIYel9WWs=,DeYl9C4XPr5PbLt4JnB9UYIewzA=
3,-41,8gVwmVun9c/4D77/kLOIYel9WWs=,DeYl9C4XPr5PbLt4JnB9UYIewzA=
5,-41,8gVwmVun9c/4D77/kLOIYel9WWs=,WATjYRhK2+gSjSrnjjRmu0cLVW4=
4,-45,8gVwmVun9c/4D77/kLOIYel9WWs=,ZhW7aKIy+GjSbOxpVsnav+CWqcs=
2,-46,8gVwmVun9c/4D77/kLOIYel9WWs=,SJ1XSQpE0FS7Ki7hi4payX8Mmfc=
4,-41,8gVwmVun9c/4D77/kLOIYel9WWs=,WATjYRhK2+gSjSrnjjRmu0cLVW4=
3,-43,8gVwmVun9c/4D77/kLOIYel9WWs=,DeYl9C4XPr5PbLt4JnB9UYIewzA=
2,-39,8gVwmVun9c/4D77/kLOIYel9WWs=,dD/QUU+/D8nISwqCR0k9M2oq6go=
3,-39,8gVwmVun9c/4D77/kLOIYel9WWs=,dD/QUU+/D8nISwqCR0k9M2oq6go=
5,-39,8gVwmVun9c/4D77/kLOIYel9WWs=,V6u8sS+CphYBAvPj3bMMNxGim/Q=
4,-39,8gVwmVun9c/4D77/kLOIYel9WWs=,V6u8sS+CphYBAvPj3bMMNxGim/Q=
5,-46,8gVwmVun9c/4D77/kLOIYel9WWs=,ZhW7aKIy+GjSbOxpVsnav+CWqcs=
4,-42,8gVwmVun9c/4D77/kLOIYel9WWs=,WATjYRhK2+gSjSrnjjRmu0cLVW4=
3,-44,8gVwmVun9c/4D77/kLOIYel9WWs=,DeYl9C4XPr5PbLt4JnB9UYIewzA=
2,-44,8gVwmVun9c/4D77/kLOIYel9WWs=,DeYl9C4XPr5PbLt4JnB9UYIewzA=
5,-44,8gVwmVun9c/4D77/kLOIYel9WWs=,WATjYRhK2+gSjSrnjjRmu0cLVW4=
4,-46,8gVwmVun9c/4D77/kLOIYel9WWs=,ZhW7aKIy+GjSbOxpVsnav+CWqcs=
2,-43,8gVwmVun9c/4D77/kLOIYel9WWs=,DeYl9C4XPr5PbLt4JnB9UYIewzA=
3,-45,8gVwmVun9c/4D77/kLOIYel9WWs=,SJ1XSQpE0FS7Ki7hi4payX8Mmfc=
4,-43,8gVwmVun9c/4D77/kLOIYel9WWs=,WATjYRhK2+gSjSrnjjRmu0cLVW4=
5,-43,8gVwmVun9c/4D77/kLOIYel9WWs=,WATjYRhK2+gSjSrnjjRmu0cLVW4=
4,-40,8gVwmVun9c/4D77/kLOIYel9WWs=,V6u8sS+CphYBAvPj3bMMNxGim/Q=
3,-40,8gVwmVun9c/4D77/kLOIYel9WWs=,dD/QUU+/D8nISwqCR0k9M2oq6go=
2,-40,8gVwmVun9c/4D77/kLOIYel9WWs=,dD/QUU+/D8nISwqCR0k9M2oq6go=
5,-42,8gVwmVun9c/4D77/kLOIYel9WWs=,WATjYRhK2+gSjSrnjjRmu0cLVW4=
5,-40,8gVwmVun9c/4D77/kLOIYel9WWs=,V6u8sS+CphYBAvPj3bMMNxGim/Q=
8,-40,NWXuaMs/gS5CCAeMgHuQ9V8GmrY=,zlL2kMEnnMDdW2STSOrtIdnFZD8=
10,-43,NWXuaMs/gS5CCAeMgHuQ9V8GmrY=,iZUYY2YdCG+r+0Rr7CMQNj4QVNM=
6,-41,NWXuaMs/gS5CCAeMgHuQ9V8GmrY=,WATjYRhK2+gSjSrnjjRmu0cLVW4=
11,-43,NWXuaMs/gS5CCAeMgHuQ9V8GmrY=,iZUYY2YdCG+r+0Rr7CMQNj4QVNM=
7,-45,NWXuaMs/gS5CCAeMgHuQ9V8GmrY=,ZhW7aKIy+GjSbOxpVsnav+CWqcs=
11,-45,NWXuaMs/gS5CCAeMgHuQ9V8GmrY=,FKPrSuZQ35z879bUmbgfCh0duxo=
6,-45,NWXuaMs/gS5CCAeMgHuQ9V8GmrY=,ZhW7aKIy+GjSbOxpVsnav+CWqcs=
8,-45,NWXuaMs/gS5CCAeMgHuQ9V8GmrY=,FKPrSuZQ35z879bUmbgfCh0duxo=
9,-45,NWXuaMs/gS5CCAeMgHuQ9V8GmrY=,FKPrSuZQ35z879bUmbgfCh0duxo=
7,-41,NWXuaMs/gS5CCAeMgHuQ9V8GmrY=,WATjYRhK2+gSjSrnjjRmu0cLVW4=
10,-41,NWXuaMs/gS5CCAeMgHuQ9V8GmrY=,iZUYY2YdCG+r+0Rr7CMQNj4QVNM=
9,-41,NWXuaMs/gS5CCAeMgHuQ9V8GmrY=,iZUYY2YdCG+r+0Rr7CMQNj4QVNM=
9,-43,uketI5UKTwXOEkaTSmQ/sGJghXY=,iZUYY2YdCG+r+0Rr7CMQNj4QVNM=
12,-45,uketI5UKTwXOEkaTSmQ/sGJghXY=,Nxl01b7XTF4z7nFZbc/3+iml6w0=
7,-46,uketI5UKTwXOEkaTSmQ/sGJghXY=,ZhW7aKIy+GjSbOxpVsnav+CWqcs=
10,-45,uketI5UKTwXOEkaTSmQ/sGJghXY=,FKPrSuZQ35z879bUmbgfCh0duxo=
6,-46,uketI5UKTwXOEkaTSmQ/sGJghXY=,ZhW7aKIy+GjSbOxpVsnav+CWqcs=
9,-46,uketI5UKTwXOEkaTSmQ/sGJghXY=,FKPrSuZQ35z879bUmbgfCh0duxo=
10,-46,uketI5UKTwXOEkaTSmQ/sGJghXY=,FKPrSuZQ35z879bUmbgfCh0duxo=
13,-43,uketI5UKTwXOEkaTSmQ/sGJghXY=,JBADdidt/fWa0eZ2ezVxzz6UAd4=
8,-43,uketI5UKTwXOEkaTSmQ/sGJghXY=,iZUYY2YdCG+r+0Rr7CMQNj4QVNM=
13,-45,uketI5UKTwXOEkaTSmQ/sGJghXY=,Nxl01b7XTF4z7nFZbc/3+iml6w0=
12,-43,uketI5UKTwXOEkaTSmQ/sGJghXY=,JBADdidt/fWa0eZ2ezVxzz6UAd4=
8,-46,uketI5UKTwXOEkaTSmQ/sGJghXY=,FKPrSuZQ35z879bUmbgfCh0duxo=
11,-46,uketI5UKTwXOEkaTSmQ/sGJghXY=,FKPrSuZQ35z879bUmbgfCh0duxo=
6,-39,uketI5UKTwXOEkaTSmQ/sGJghXY=,V6u8sS+CphYBAvPj3bMMNxGim/Q=
12,-46,uketI5UKTwXOEkaTSmQ/sGJghXY=,Nxl01b7XTF4z7nFZbc/3+iml6w0=
11,-41,uketI5UKTwXOEkaTSmQ/sGJghXY=,iZUYY2YdCG+r+0Rr7CMQNj4QVNM=
8,-41,uketI5UKTwXOEkaTSmQ/sGJghXY=,iZUYY2YdCG+r+0Rr7CMQNj4QVNM=
13,-46,uketI5UKTwXOEkaTSmQ/sGJghXY=,Nxl01b7XTF4z7nFZbc/3+iml6w0=
7,-39,uketI5UKTwXOEkaTSmQ/sGJghXY=,V6u8sS+CphYBAvPj3bMMNxGim/Q=
7,-42,uketI5UKTwXOEkaTSmQ/sGJghXY=,WATjYRhK2+gSjSrnjjRmu0cLVW4=
11,-42,uketI5UKTwXOEkaTSmQ/sGJghXY=,iZUYY2YdCG+r+0Rr7CMQNj4QVNM=
8,-39,uketI5UKTwXOEkaTSmQ/sGJghXY=,zlL2kMEnnMDdW2STSOrtIdnFZD8=
6,-43,uketI5UKTwXOEkaTSmQ/sGJghXY=,WATjYRhK2+gSjSrnjjRmu0cLVW4=
7,-43,uketI5UKTwXOEkaTSmQ/sGJghXY=,WATjYRhK2+gSjSrnjjRmu0cLVW4=
6,-42,uketI5UKTwXOEkaTSmQ/sGJghXY=,WATjYRhK2+gSjSrnjjRmu0cLVW4=
7,-40,uketI5UKTwXOEkaTSmQ/sGJghXY=,V6u8sS+CphYBAvPj3bMMNxGim/Q=
6,-40,uketI5UKTwXOEkaTSmQ/sGJghXY=,V6u8sS+CphYBAvPj3bMMNxGim/Q=
9,-40,uketI5UKTwXOEkaTSmQ/sGJghXY=,zlL2kMEnnMDdW2STSOrtIdnFZD8=
10,-44,uketI5UKTwXOEkaTSmQ/sGJghXY=,iZUYY2YdCG+r+0Rr7CMQNj4QVNM=
9,-42,uketI5UKTwXOEkaTSmQ/sGJghXY=,iZUYY2YdCG+r+0Rr7CMQNj4QVNM=
10,-42,uketI5UKTwXOEkaTSmQ/sGJghXY=,iZUYY2YdCG+r+0Rr7CMQNj4QVNM=
11,-44,uketI5UKTwXOEkaTSmQ/sGJghXY=,iZUYY2YdCG+r+0Rr7CMQNj4QVNM=
8,-44,uketI5UKTwXOEkaTSmQ/sGJghXY=,iZUYY2YdCG+r+0Rr7CMQNj4QVNM=
9,-44,uketI5UKTwXOEkaTSmQ/sGJghXY=,iZUYY2YdCG+r+0Rr7CMQNj4QVNM=
7,-44,uketI5UKTwXOEkaTSmQ/sGJghXY=,WATjYRhK2+gSjSrnjjRmu0cLVW4=
13,-44,uketI5UKTwXOEkaTSmQ/sGJghXY=,JBADdidt/fWa0eZ2ezVxzz6UAd4=
6,-44,uketI5UKTwXOEkaTSmQ/sGJghXY=,WATjYRhK2+gSjSrnjjRmu0cLVW4=
9,-39,uketI5UKTwXOEkaTSmQ/sGJghXY=,zlL2kMEnnMDdW2STSOrtIdnFZD8=
12,-44,uketI5UKTwXOEkaTSmQ/sGJghXY=,JBADdidt/fWa0eZ2ezVxzz6UAd4=
12,-42,uketI5UKTwXOEkaTSmQ/sGJghXY=,JBADdidt/fWa0eZ2ezVxzz6UAd4=
8,-42,uketI5UKTwXOEkaTSmQ/sGJghXY=,iZUYY2YdCG+r+0Rr7CMQNj4QVNM=
10,-39,uketI5UKTwXOEkaTSmQ/sGJghXY=,zlL2kMEnnMDdW2STSOrtIdnFZD8=
13,-42,uketI5UKTwXOEkaTSmQ/sGJghXY=,JBADdidt/fWa0eZ2ezVxzz6UAd4=
10,-40,uketI5UKTwXOEkaTSmQ/sGJghXY=,zlL2kMEnnMDdW2STSOrtIdnFZD8=
12,-41,uketI5UKTwXOEkaTSmQ/sGJghXY=,JBADdidt/fWa0eZ2ezVxzz6UAd4=
11,-39,uketI5UKTwXOEkaTSmQ/sGJghXY=,zlL2kMEnnMDdW2STSOrtIdnFZD8=
13,-41,uketI5UKTwXOEkaTSmQ/sGJghXY=,JBADdidt/fWa0eZ2ezVxzz6UAd4=
14,-42,uketI5UKTwXOEkaTSmQ/sGJghXY=,JBADdidt/fWa0eZ2ezVxzz6UAd4=
11,-40,uketI5UKTwXOEkaTSmQ/sGJghXY=,zlL2kMEnnMDdW2STSOrtIdnFZD8=
13,-39,uketI5UKTwXOEkaTSmQ/sGJghXY=,74AzIOcMy9T6nSHO/fFuFThBqWA=
14,-39,uketI5UKTwXOEkaTSmQ/sGJghXY=,74AzIOcMy9T6nSHO/fFuFThBqWA=
12,-39,uketI5UKTwXOEkaTSmQ/sGJghXY=,74AzIOcMy9T6nSHO/fFuFThBqWA=
15,-42,uketI5UKTwXOEkaTSmQ/sGJghXY=,JBADdidt/fWa0eZ2ezVxzz6UAd4=
15,-38,uketI5UKTwXOEkaTSmQ/sGJghXY=,74AzIOcMy9T6nSHO/fFuFThBqWA=
15,-39,uketI5UKTwXOEkaTSmQ/sGJghXY=,74AzIOcMy9T6nSHO/fFuFThBqWA=
14,-41,uketI5UKTwXOEkaTSmQ/sGJghXY=,JBADdidt/fWa0eZ2ezVxzz6UAd4=
15,-41,uketI5UKTwXOEkaTSmQ/sGJghXY=,JBADdidt/fWa0eZ2ezVxzz6UAd4=
15,-40,uketI5UKTwXOEkaTSmQ/sGJghXY=,74AzIOcMy9T6nSHO/fFuFThBqWA=
12,-40,uketI5UKTwXOEkaTSmQ/sGJghXY=,74AzIOcMy9T6nSHO/fFuFThBqWA=
14,-38,uketI5UKTwXOEkaTSmQ/sGJghXY=,74AzIOcMy9T6nSHO/fFuFThBqWA=
14,-35,uketI5UKTwXOEkaTSmQ/sGJghXY=,mKd0rBfFX7aFUbdDmggYFpc7J/U=
15,-35,uketI5UKTwXOEkaTSmQ/sGJghXY=,mKd0rBfFX7aFUbdDmggYFpc7J/U=
14,-40,uketI5UKTwXOEkaTSmQ/sGJghXY=,74AzIOcMy9T6nSHO/fFuFThBqWA=
15,-37,uketI5UKTwXOEkaTSmQ/sGJghXY=,74AzIOcMy9T6nSHO/fFuFThBqWA=
13,-40,uketI5UKTwXOEkaTSmQ/sGJghXY=,74AzIOcMy9T6nSHO/fFuFThBqWA=
15,-36,uketI5UKTwXOEkaTSmQ/sGJghXY=,mKd0rBfFX7aFUbdDmggYFpc7J/U=
14,-36,uketI5UKTwXOEkaTSmQ/sGJghXY=,mKd0rBfFX7aFUbdDmggYFpc7J/U=
10,-47,uketI5UKTwXOEkaTSmQ/sGJghXY=,FKPrSuZQ35z879bUmbgfCh0duxo=
11,-48,uketI5UKTwXOEkaTSmQ/sGJghXY=,FKPrSuZQ35z879bUmbgfCh0duxo=
10,-48,uketI5UKTwXOEkaTSmQ/sGJghXY=,FKPrSuZQ35z879bUmbgfCh0duxo=
13,-47,uketI5UKTwXOEkaTSmQ/sGJghXY=,Nxl01b7XTF4z7nFZbc/3+iml6w0=
11,-47,uketI5UKTwXOEkaTSmQ/sGJghXY=,FKPrSuZQ35z879bUmbgfCh0duxo=
12,-47,uketI5UKTwXOEkaTSmQ/sGJghXY=,Nxl01b7XTF4z7nFZbc/3+iml6w0=
13,-48,uketI5UKTwXOEkaTSmQ/sGJghXY=,Nxl01b7XTF4z7nFZbc/3+iml6w0=
12,-48,uketI5UKTwXOEkaTSmQ/sGJghXY=,Nxl01b7XTF4z7nFZbc/3+iml6w0=
14,-37,uketI5UKTwXOEkaTSmQ/sGJghXY=,74AzIOcMy9T6nSHO/fFuFThBqWA=
15,-34,cYxLXTtAEFeNoWZV9G4PEZfrcpk=,mKd0rBfFX7aFUbdDmggYFpc7J/U=
15,-33,cYxLXTtAEFeNoWZV9G4PEZfrcpk=,mKd0rBfFX7aFUbdDmggYFpc7J/U=
14,-34,cYxLXTtAEFeNoWZV9G4PEZfrcpk=,mKd0rBfFX7aFUbdDmggYFpc7J/U=
10,-33,cYxLXTtAEFeNoWZV9G4PEZfrcpk=,PaS7d4vv2Ayrbno408rTLw0sX88=
14,-33,cYxLXTtAEFeNoWZV9G4PEZfrcpk=,mKd0rBfFX7aFUbdDmggYFpc7J/U=
12,-34,cYxLXTtAEFeNoWZV9G4PEZfrcpk=,mKd0rBfFX7aFUbdDmggYFpc7J/U=
10,-34,cYxLXTtAEFeNoWZV9G4PEZfrcpk=,PaS7d4vv2Ayrbno408rTLw0sX88=
11,-33,cYxLXTtAEFeNoWZV9G4PEZfrcpk=,PaS7d4vv2Ayrbno408rTLw0sX88=
6,-34,cYxLXTtAEFeNoWZV9G4PEZfrcpk=,I/kcuB6ewXEHHe7zE6c6r6S+Jg0=
7,-33,cYxLXTtAEFeNoWZV9G4PEZfrcpk=,I/kcuB6ewXEHHe7zE6c6r6S+Jg0=
11,-34,cYxLXTtAEFeNoWZV9G4PEZfrcpk=,PaS7d4vv2Ayrbno408rTLw0sX88=
7,-34,cYxLXTtAEFeNoWZV9G4PEZfrcpk=,I/kcuB6ewXEHHe7zE6c6r6S+Jg0=
13,-33,cYxLXTtAEFeNoWZV9G4PEZfrcpk=,mKd0rBfFX7aFUbdDmggYFpc7J/U=
8,-33,cYxLXTtAEFeNoWZV9G4PEZfrcpk=,PaS7d4vv2Ayrbno408rTLw0sX88=
8,-34,cYxLXTtAEFeNoWZV9G4PEZfrcpk=,PaS7d4vv2Ayrbno408rTLw0sX88=
13,-34,cYxLXTtAEFeNoWZV9G4PEZfrcpk=,mKd0rBfFX7aFUbdDmggYFpc7J/U=
9,-33,cYxLXTtAEFeNoWZV9G4PEZfrcpk=,PaS7d4vv2Ayrbno408rTLw0sX88=
12,-33,cYxLXTtAEFeNoWZV9G4PEZfrcpk=,mKd0rBfFX7aFUbdDmggYFpc7J/U=
9,-34,cYxLXTtAEFeNoWZV9G4PEZfrcpk=,PaS7d4vv2Ayrbno408rTLw0sX88=
3,-34,cYxLXTtAEFeNoWZV9G4PEZfrcpk=,+zTUHts6MT7Xwjv3d2k+J7We2z4=
5,-34,cYxLXTtAEFeNoWZV9G4PEZfrcpk=,I/kcuB6ewXEHHe7zE6c6r6S+Jg0=
4,-34,cYxLXTtAEFeNoWZV9G4PEZfrcpk=,I/kcuB6ewXEHHe7zE6c6r6S+Jg0=
6,-33,cYxLXTtAEFeNoWZV9G4PEZfrcpk=,I/kcuB6ewXEHHe7zE6c6r6S+Jg0=
2,-34,cYxLXTtAEFeNoWZV9G4PEZfrcpk=,+zTUHts6MT7Xwjv3d2k+J7We2z4=
3,-33,cYxLXTtAEFeNoWZV9G4PEZfrcpk=,+zTUHts6MT7Xwjv3d2k+J7We2z4=
5,-33,cYxLXTtAEFeNoWZV9G4PEZfrcpk=,I/kcuB6ewXEHHe7zE6c6r6S+Jg0=
2,-33,cYxLXTtAEFeNoWZV9G4PEZfrcpk=,+zTUHts6MT7Xwjv3d2k+J7We2z4=
4,-33,cYxLXTtAEFeNoWZV9G4PEZfrcpk=,I/kcuB6ewXEHHe7zE6c6r6S+Jg0=
1,-34,Hrf3zkHyTQ7BkMPaINnF3Bn+GiU=,+zTUHts6MT7Xwjv3d2k+J7We2z4=
0,-34,Hrf3zkHyTQ7BkMPaINnF3Bn+GiU=,+zTUHts6MT7Xwjv3d2k+J7We2z4=
0,-36,Hrf3zkHyTQ7BkMPaINnF3Bn+GiU=,+zTUHts6MT7Xwjv3d2k+J7We2z4=
1,-37,Hrf3zkHyTQ7BkMPaINnF3Bn+GiU=,dD/QUU+/D8nISwqCR0k9M2oq6go=
0,-37,Hrf3zkHyTQ7BkMPaINnF3Bn+GiU=,dD/QUU+/D8nISwqCR0k9M2oq6go=
0,-35,Hrf3zkHyTQ7BkMPaINnF3Bn+GiU=,+zTUHts6MT7Xwjv3d2k+J7We2z4=
0,-38,Hrf3zkHyTQ7BkMPaINnF3Bn+GiU=,dD/QUU+/D8nISwqCR0k9M2oq6go=
1,-38,Hrf3zkHyTQ7BkMPaINnF3Bn+GiU=,dD/QUU+/D8nISwqCR0k9M2oq6go=
1,-36,Hrf3zkHyTQ7BkMPaINnF3Bn+GiU=,+zTUHts6MT7Xwjv3d2k+J7We2z4=
1,-35,Hrf3zkHyTQ7BkMPaINnF3Bn+GiU=,+zTUHts6MT7Xwjv3d2k+J7We2z4=
0,-33,Hrf3zkHyTQ7BkMPaINnF3Bn+GiU=,+zTUHts6MT7Xwjv3d2k+J7We2z4=
1,-33,Hrf3zkHyTQ7BkMPaINnF3Bn+GiU=,+zTUHts6MT7Xwjv3d2k+J7We2z4=
1,-41,Hrf3zkHyTQ7BkMPaINnF3Bn+GiU=,DeYl9C4XPr5PbLt4JnB9UYIewzA=
1,-39,Hrf3zkHyTQ7BkMPaINnF3Bn+GiU=,dD/QUU+/D8nISwqCR0k9M2oq6go=
0,-41,Hrf3zkHyTQ7BkMPaINnF3Bn+GiU=,DeYl9C4XPr5PbLt4JnB9UYIewzA=
0,-42,Hrf3zkHyTQ7BkMPaINnF3Bn+GiU=,DeYl9C4XPr5PbLt4JnB9UYIewzA=
1,-42,Hrf3zkHyTQ7BkMPaINnF3Bn+GiU=,DeYl9C4XPr5PbLt4JnB9UYIewzA=
0,-40,Hrf3zkHyTQ7BkMPaINnF3Bn+GiU=,dD/QUU+/D8nISwqCR0k9M2oq6go=
1,-40,Hrf3zkHyTQ7BkMPaINnF3Bn+GiU=,dD/QUU+/D8nISwqCR0k9M2oq6go=
0,-39,Hrf3zkHyTQ7BkMPaINnF3Bn+GiU=,dD/QUU+/D8nISwqCR0k9M2oq6go=
1,-46,Hrf3zkHyTQ7BkMPaINnF3Bn+GiU=,SJ1XSQpE0FS7Ki7hi4payX8Mmfc=
1,-45,Hrf3zkHyTQ7BkMPaINnF3Bn+GiU=,SJ1XSQpE0FS7Ki7hi4payX8Mmfc=
1,-43,Hrf3zkHyTQ7BkMPaINnF3Bn+GiU=,DeYl9C4XPr5PbLt4JnB9UYIewzA=
0,-44,Hrf3zkHyTQ7BkMPaINnF3Bn+GiU=,DeYl9C4XPr5PbLt4JnB9UYIewzA=
1,-44,Hrf3zkHyTQ7BkMPaINnF3Bn+GiU=,DeYl9C4XPr5PbLt4JnB9UYIewzA=
0,-45,Hrf3zkHyTQ7BkMPaINnF3Bn+GiU=,SJ1XSQpE0FS7Ki7hi4payX8Mmfc=
0,-43,Hrf3zkHyTQ7BkMPaINnF3Bn+GiU=,DeYl9C4XPr5PbLt4JnB9UYIewzA=
0,-46,Hrf3zkHyTQ7BkMPaINnF3Bn+GiU=,SJ1XSQpE0FS7Ki7hi4payX8Mmfc=
0,-47,7mR6UfCLr8/0Nyz3+1NxLtB8pPI=,SJ1XSQpE0FS7Ki7hi4payX8Mmfc=
1,-48,7mR6UfCLr8/0Nyz3+1NxLtB8pPI=,SJ1XSQpE0FS7Ki7hi4payX8Mmfc=
0,-48,7mR6UfCLr8/0Nyz3+1NxLtB8pPI=,SJ1XSQpE0FS7Ki7hi4payX8Mmfc=
1,-47,7mR6UfCLr8/0Nyz3+1NxLtB8pPI=,SJ1XSQpE0FS7Ki7hi4payX8Mmfc=
14,-48,7mR6UfCLr8/0Nyz3+1NxLtB8pPI=,Nxl01b7XTF4z7nFZbc/3+iml6w0=
14,-46,7mR6UfCLr8/0Nyz3+1NxLtB8pPI=,Nxl01b7XTF4z7nFZbc/3+iml6w0=
15,-48,7mR6UfCLr8/0Nyz3+1NxLtB8pPI=,Nxl01b7XTF4z7nFZbc/3+iml6w0=
15,-46,7mR6UfCLr8/0Nyz3+1NxLtB8pPI=,Nxl01b7XTF4z7nFZbc/3+iml6w0=
14,-47,7mR6UfCLr8/0Nyz3+1NxLtB8pPI=,Nxl01b7XTF4z7nFZbc/3+iml6w0=
14,-45,7mR6UfCLr8/0Nyz3+1NxLtB8pPI=,Nxl01b7XTF4z7nFZbc/3+iml6w0=
14,-43,7mR6UfCLr8/0Nyz3+1NxLtB8pPI=,JBADdidt/fWa0eZ2ezVxzz6UAd4=
15,-45,7mR6UfCLr8/0Nyz3+1NxLtB8pPI=,Nxl01b7XTF4z7nFZbc/3+iml6w0=
14,-44,7mR6UfCLr8/0Nyz3+1NxLtB8pPI=,JBADdidt/fWa0eZ2ezVxzz6UAd4=
15,-47,7mR6UfCLr8/0Nyz3+1NxLtB8pPI=,Nxl01b7XTF4z7nFZbc/3+iml6w0=
15,-44,7mR6UfCLr8/0Nyz3+1NxLtB8pPI=,JBADdidt/fWa0eZ2ezVxzz6UAd4=
2,-47,7mR6UfCLr8/0Nyz3+1NxLtB8pPI=,SJ1XSQpE0FS7Ki7hi4payX8Mmfc=
3,-47,7mR6UfCLr8/0Nyz3+1NxLtB8pPI=,SJ1XSQpE0FS7Ki7hi4payX8Mmfc=
8,-48,7mR6UfCLr8/0Nyz3+1NxLtB8pPI=,FKPrSuZQ35z879bUmbgfCh0duxo=
8,-47,7mR6UfCLr8/0Nyz3+1NxLtB8pPI=,FKPrSuZQ35z879bUmbgfCh0duxo=
4,-47,7mR6UfCLr8/0Nyz3+1NxLtB8pPI=,ZhW7aKIy+GjSbOxpVsnav+CWqcs=
2,-48,7mR6UfCLr8/0Nyz3+1NxLtB8pPI=,SJ1XSQpE0FS7Ki7hi4payX8Mmfc=
6,-47,7mR6UfCLr8/0Nyz3+1NxLtB8pPI=,ZhW7aKIy+GjSbOxpVsnav+CWqcs=
7,-47,7mR6UfCLr8/0Nyz3+1NxLtB8pPI=,ZhW7aKIy+GjSbOxpVsnav+CWqcs=
3,-48,7mR6UfCLr8/0Nyz3+1NxLtB8pPI=,SJ1XSQpE0FS7Ki7hi4payX8Mmfc=
9,-48,7mR6UfCLr8/0Nyz3+1NxLtB8pPI=,FKPrSuZQ35z879bUmbgfCh0duxo=
6,-48,7mR6UfCLr8/0Nyz3+1NxLtB8pPI=,ZhW7aKIy+GjSbOxpVsnav+CWqcs=
7,-48,7mR6UfCLr8/0Nyz3+1NxLtB8pPI=,ZhW7aKIy+GjSbOxpVsnav+CWqcs=
4,-48,7mR6UfCLr8/0Nyz3+1NxLtB8pPI=,ZhW7aKIy+GjSbOxpVsnav+CWqcs=
5,-48,7mR6UfCLr8/0Nyz3+1NxLtB8pPI=,ZhW7aKIy+GjSbOxpVsnav+CWqcs=
9,-47,7mR6UfCLr8/0Nyz3+1NxLtB8pPI=,FKPrSuZQ35z879bUmbgfCh0duxo=
5,-47,7mR6UfCLr8/0Nyz3+1NxLtB8pPI=,ZhW7aKIy+GjSbOxpVsnav+CWqcs=
15,-43,7mR6UfCLr8/0Nyz3+1NxLtB8pPI=,JBADdidt/fWa0eZ2ezVxzz6UAd4=
