44,66,WHaZ60QYeQjDx0LKgbxABq5hdUw=,dJ9esyKr+ykARyVdv6hIvJooIc8=
43,67,WHaZ60QYeQjDx0LKgbxABq5hdUw=,uIgJfUa8NiJUqYRxH5Ma8fM6WcI=
45,66,WHaZ60QYeQjDx0LKgbxABq5hdUw=,dJ9esyKr+ykARyVdv6hIvJooIc8=
44,67,WHaZ60QYeQjDx0LKgbxABq5hdUw=,dJ9esyKr+ykARyVdv6hIvJooIc8=
42,66,WHaZ60QYeQjDx0LKgbxABq5hdUw=,uIgJfUa8NiJUqYRxH5Ma8fM6WcI=
45,67,WHaZ60QYeQjDx0LKgbxABq5hdUw=,dJ9esyKr+ykARyVdv6hIvJooIc8=
42,67,WHaZ60QYeQjDx0LKgbxABq5hdUw=,uIgJfUa8NiJUqYRxH5Ma8fM6WcI=
43,66,WHaZ60QYeQjDx0LKgbxABq5hdUw=,uIgJfUa8NiJUqYRxH5Ma8fM6WcI=
38,65,04hbgHlJpbwzRJGoEdFknmdpmCw=,H1+cS3b2OImcLBfEW0qUjTpIHSM=
41,67,04hbgHlJpbwzRJGoEdFknmdpmCw=,uIgJfUa8NiJUqYRxH5Ma8fM6WcI=
39,65,04hbgHlJpbwzRJGoEdFknmdpmCw=,H1+cS3b2OImcLBfEW0qUjTpIHSM=
40,64,04hbgHlJpbwzRJGoEdFknmdpmCw=,uIgJfUa8NiJUqYRxH5Ma8fM6WcI=
39,67,04hbgHlJpbwzRJGoEdFknmdpmCw=,H1+cS3b2OImcLBfEW0qUjTpIHSM=
39,64,04hbgHlJpbwzRJGoEdFknmdpmCw=,H1+cS3b2OImcLBfEW0qUjTpIHSM=
41,65,04hbgHlJpbwzRJGoEdFknmdpmCw=,uIgJfUa8NiJUqYRxH5Ma8fM6WcI=
40,65,04hbgHlJpbwzRJGoEdFknmdpmCw=,uIgJfUa8NiJUqYRxH5Ma8fM6WcI=
39,66,04hbgHlJpbwzRJGoEdFknmdpmCw=,H1+cS3b2OImcLBfEW0qUjTpIHSM=
41,66,04hbgHlJpbwzRJGoEdFknmdpmCw=,uIgJfUa8NiJUqYRxH5Ma8fM6WcI=
40,66,04hbgHlJpbwzRJGoEdFknmdpmCw=,uIgJfUa8NiJUqYRxH5Ma8fM6WcI=
38,67,04hbgHlJpbwzRJGoEdFknmdpmCw=,H1+cS3b2OImcLBfEW0qUjTpIHSM=
40,67,04hbgHlJpbwzRJGoEdFknmdpmCw=,uIgJfUa8NiJUqYRxH5Ma8fM6WcI=
38,66,04hbgHlJpbwzRJGoEdFknmdpmCw=,H1+cS3b2OImcLBfEW0qUjTpIHSM=
41,64,04hbgHlJpbwzRJGoEdFknmdpmCw=,uIgJfUa8NiJUqYRxH5Ma8fM6WcI=
38,64,04hbgHlJpbwzRJGoEdFknmdpmCw=,H1+cS3b2OImcLBfEW0qUjTpIHSM=
47,67,jq8Ik/4KA5sJ6zjIW6d7aK0OQVI=,dJ9esyKr+ykARyVdv6hIvJooIc8=
46,67,jq8Ik/4KA5sJ6zjIW6d7aK0OQVI=,dJ9esyKr+ykARyVdv6hIvJooIc8=
46,66,jq8Ik/4KA5sJ6zjIW6d7aK0OQVI=,dJ9esyKr+ykARyVdv6hIvJooIc8=
47,66,jq8Ik/4KA5sJ6zjIW6d7aK0OQVI=,dJ9esyKr+ykARyVdv6hIvJooIc8=
36,66,jq8Ik/4KA5sJ6zjIW6d7aK0OQVI=,H1+cS3b2OImcLBfEW0qUjTpIHSM=
37,64,jq8Ik/4KA5sJ6zjIW6d7aK0OQVI=,H1+cS3b2OImcLBfEW0qUjTpIHSM=
36,64,jq8Ik/4KA5sJ6zjIW6d7aK0OQVI=,H1+cS3b2OImcLBfEW0qUjTpIHSM=
47,65,jq8Ik/4KA5sJ6zjIW6d7aK0OQVI=,dJ9esyKr+ykARyVdv6hIvJooIc8=
44,64,jq8Ik/4KA5sJ6zjIW6d7aK0OQVI=,dJ9esyKr+ykARyVdv6hIvJooIc8=
37,67,jq8Ik/4KA5sJ6zjIW6d7aK0OQVI=,H1+cS3b2OImcLBfEW0qUjTpIHSM=
35,65,jq8Ik/4KA5sJ6zjIW6d7aK0OQVI=,IwxVKY0Ky18Gm0w/5/dN72QfQoo=
43,65,jq8Ik/4KA5sJ6zjIW6d7aK0OQVI=,uIgJfUa8NiJUqYRxH5Ma8fM6WcI=
34,65,jq8Ik/4KA5sJ6zjIW6d7aK0OQVI=,IwxVKY0Ky18Gm0w/5/dN72QfQoo=
42,65,jq8Ik/4KA5sJ6zjIW6d7aK0OQVI=,uIgJfUa8NiJUqYRxH5Ma8fM6WcI=
44,65,jq8Ik/4KA5sJ6zjIW6d7aK0OQVI=,dJ9esyKr+ykARyVdv6hIvJooIc8=
45,65,jq8Ik/4KA5sJ6zjIW6d7aK0OQVI=,dJ9esyKr+ykARyVdv6hIvJooIc8=
34,66,jq8Ik/4KA5sJ6zjIW6d7aK0OQVI=,IwxVKY0Ky18Gm0w/5/dN72QfQoo=
46,65,jq8Ik/4KA5sJ6zjIW6d7aK0OQVI=,dJ9esyKr+ykARyVdv6hIvJooIc8=
43,64,jq8Ik/4KA5sJ6zjIW6d7aK0OQVI=,uIgJfUa8NiJUqYRxH5Ma8fM6WcI=
47,64,jq8Ik/4KA5sJ6zjIW6d7aK0OQVI=,dJ9esyKr+ykARyVdv6hIvJooIc8=
36,67,jq8Ik/4KA5sJ6zjIW6d7aK0OQVI=,H1+cS3b2OImcLBfEW0qUjTpIHSM=
46,64,jq8Ik/4KA5sJ6zjIW6d7aK0OQVI=,dJ9esyKr+ykARyVdv6hIvJooIc8=
34,64,jq8Ik/4KA5sJ6zjIW6d7aK0OQVI=,IwxVKY0Ky18Gm0w/5/dN72QfQoo=
45,64,jq8Ik/4KA5sJ6zjIW6d7aK0OQVI=,dJ9esyKr+ykARyVdv6hIvJooIc8=
35,67,jq8Ik/4KA5sJ6zjIW6d7aK0OQVI=,IwxVKY0Ky18Gm0w/5/dN72QfQoo=
42,64,jq8Ik/4KA5sJ6zjIW6d7aK0OQVI=,uIgJfUa8NiJUqYRxH5Ma8fM6WcI=
35,64,jq8Ik/4KA5sJ6zjIW6d7aK0OQVI=,IwxVKY0Ky18Gm0w/5/dN72QfQoo=
32,65,jq8Ik/4KA5sJ6zjIW6d7aK0OQVI=,IwxVKY0Ky18Gm0w/5/dN72QfQoo=
33,64,jq8Ik/4KA5sJ6zjIW6d7aK0OQVI=,IwxVKY0Ky18Gm0w/5/dN72QfQoo=
33,65,jq8Ik/4KA5sJ6zjIW6d7aK0OQVI=,IwxVKY0Ky18Gm0w/5/dN72QfQoo=
37,66,jq8Ik/4KA5sJ6zjIW6d7aK0OQVI=,H1+cS3b2OImcLBfEW0qUjTpIHSM=
34,67,jq8Ik/4KA5sJ6zjIW6d7aK0OQVI=,IwxVKY0Ky18Gm0w/5/dN72QfQoo=
33,67,jq8Ik/4KA5sJ6zjIW6d7aK0OQVI=,IwxVKY0Ky18Gm0w/5/dN72QfQoo=
32,64,jq8Ik/4KA5sJ6zjIW6d7aK0OQVI=,IwxVKY0Ky18Gm0w/5/dN72QfQoo=
36,65,jq8Ik/4KA5sJ6zjIW6d7aK0OQVI=,H1+cS3b2OImcLBfEW0qUjTpIHSM=
32,67,jq8Ik/4KA5sJ6zjIW6d7aK0OQVI=,IwxVKY0Ky18Gm0w/5/dN72QfQoo=
33,66,jq8Ik/4KA5sJ6zjIW6d7aK0OQVI=,IwxVKY0Ky18Gm0w/5/dN72QfQoo=
37,65,jq8Ik/4KA5sJ6zjIW6d7aK0OQVI=,H1+cS3b2OImcLBfEW0qUjTpIHSM=
35,66,jq8Ik/4KA5sJ6zjIW6d7aK0OQVI=,IwxVKY0Ky18Gm0w/5/dN72QfQoo=
32,66,jq8Ik/4KA5sJ6zjIW6d7aK0OQVI=,IwxVKY0Ky18Gm0w/5/dN72QfQoo=
48,67,yqY3CxYuxftY87zzPvR+ifPIIaw=,WlrQzDs3cZVOOFJO12cSsFdLgyQ=
48,66,yqY3CxYuxftY87zzPvR+ifPIIaw=,WlrQzDs3cZVOOFJO12cSsFdLgyQ=
49,66,yqY3CxYuxftY87zzPvR+ifPIIaw=,WlrQzDs3cZVOOFJO12cSsFdLgyQ=
49,67,yqY3CxYuxftY87zzPvR+ifPIIaw=,WlrQzDs3cZVOOFJO12cSsFdLgyQ=
49,65,yqY3CxYuxftY87zzPvR+ifPIIaw=,WlrQzDs3cZVOOFJO12cSsFdLgyQ=
48,64,yqY3CxYuxftY87zzPvR+ifPIIaw=,WlrQzDs3cZVOOFJO12cSsFdLgyQ=
49,64,yqY3CxYuxftY87zzPvR+ifPIIaw=,WlrQzDs3cZVOOFJO12cSsFdLgyQ=
48,65,yqY3CxYuxftY87zzPvR+ifPIIaw=,WlrQzDs3cZVOOFJO12cSsFdLgyQ=
59,65,yqY3CxYuxftY87zzPvR+ifPIIaw=,tLd+mNqv6TnR3iiQXG9rDGuMr34=
58,65,yqY3CxYuxftY87zzPvR+ifPIIaw=,tLd+mNqv6TnR3iiQXG9rDGuMr34=
58,66,yqY3CxYuxftY87zzPvR+ifPIIaw=,tLd+mNqv6TnR3iiQXG9rDGuMr34=
58,64,yqY3CxYuxftY87zzPvR+ifPIIaw=,tLd+mNqv6TnR3iiQXG9rDGuMr34=
59,66,yqY3CxYuxftY87zzPvR+ifPIIaw=,tLd+mNqv6TnR3iiQXG9rDGuMr34=
59,64,yqY3CxYuxftY87zzPvR+ifPIIaw=,tLd+mNqv6TnR3iiQXG9rDGuMr34=
59,67,yqY3CxYuxftY87zzPvR+ifPIIaw=,tLd+mNqv6TnR3iiQXG9rDGuMr34=
58,67,yqY3CxYuxftY87zzPvR+ifPIIaw=,tLd+mNqv6TnR3iiQXG9rDGuMr34=
56,66,yqY3CxYuxftY87zzPvR+ifPIIaw=,tLd+mNqv6TnR3iiQXG9rDGuMr34=
50,66,yqY3CxYuxftY87zzPvR+ifPIIaw=,WlrQzDs3cZVOOFJO12cSsFdLgyQ=
55,65,yqY3CxYuxftY87zzPvR+ifPIIaw=,O8gJ7n3CCXZ0WDaAMx7PWWjOZLk=
51,66,yqY3CxYuxftY87zzPvR+ifPIIaw=,WlrQzDs3cZVOOFJO12cSsFdLgyQ=
54,65,yqY3CxYuxftY87zzPvR+ifPIIaw=,O8gJ7n3CCXZ0WDaAMx7PWWjOZLk=
55,67,yqY3CxYuxftY87zzPvR+ifPIIaw=,O8gJ7n3CCXZ0WDaAMx7PWWjOZLk=
56,65,yqY3CxYuxftY87zzPvR+ifPIIaw=,tLd+mNqv6TnR3iiQXG9rDGuMr34=
57,65,yqY3CxYuxftY87zzPvR+ifPIIaw=,tLd+mNqv6TnR3iiQXG9rDGuMr34=
55,66,yqY3CxYuxftY87zzPvR+ifPIIaw=,O8gJ7n3CCXZ0WDaAMx7PWWjOZLk=
55,64,yqY3CxYuxftY87zzPvR+ifPIIaw=,O8gJ7n3CCXZ0WDaAMx7PWWjOZLk=
54,67,yqY3CxYuxftY87zzPvR+ifPIIaw=,O8gJ7n3CCXZ0WDaAMx7PWWjOZLk=
52,66,yqY3CxYuxftY87zzPvR+ifPIIaw=,O8gJ7n3CCXZ0WDaAMx7PWWjOZLk=
52,67,yqY3CxYuxftY87zzPvR+ifPIIaw=,O8gJ7n3CCXZ0WDaAMx7PWWjOZLk=
51,67,yqY3CxYuxftY87zzPvR+ifPIIaw=,WlrQzDs3cZVOOFJO12cSsFdLgyQ=
50,67,yqY3CxYuxftY87zzPvR+ifPIIaw=,WlrQzDs3cZVOOFJO12cSsFdLgyQ=
54,66,yqY3CxYuxftY87zzPvR+ifPIIaw=,O8gJ7n3CCXZ0WDaAMx7PWWjOZLk=
54,64,yqY3CxYuxftY87zzPvR+ifPIIaw=,O8gJ7n3CCXZ0WDaAMx7PWWjOZLk=
52,65,yqY3CxYuxftY87zzPvR+ifPIIaw=,O8gJ7n3CCXZ0WDaAMx7PWWjOZLk=
50,65,yqY3CxYuxftY87zzPvR+ifPIIaw=,WlrQzDs3cZVOOFJO12cSsFdLgyQ=
52,64,yqY3CxYuxftY87zzPvR+ifPIIaw=,O8gJ7n3CCXZ0WDaAMx7PWWjOZLk=
57,64,yqY3CxYuxftY87zzPvR+ifPIIaw=,tLd+mNqv6TnR3iiQXG9rDGuMr34=
56,64,yqY3CxYuxftY87zzPvR+ifPIIaw=,tLd+mNqv6TnR3iiQXG9rDGuMr34=
57,67,yqY3CxYuxftY87zzPvR+ifPIIaw=,tLd+mNqv6TnR3iiQXG9rDGuMr34=
57,66,yqY3CxYuxftY87zzPvR+ifPIIaw=,tLd+mNqv6TnR3iiQXG9rDGuMr34=
50,64,yqY3CxYuxftY87zzPvR+ifPIIaw=,WlrQzDs3cZVOOFJO12cSsFdLgyQ=
53,64,yqY3CxYuxftY87zzPvR+ifPIIaw=,O8gJ7n3CCXZ0WDaAMx7PWWjOZLk=
53,65,yqY3CxYuxftY87zzPvR+ifPIIaw=,O8gJ7n3CCXZ0WDaAMx7PWWjOZLk=
51,65,yqY3CxYuxftY87zzPvR+ifPIIaw=,WlrQzDs3cZVOOFJO12cSsFdLgyQ=
51,64,yqY3CxYuxftY87zzPvR+ifPIIaw=,WlrQzDs3cZVOOFJO12cSsFdLgyQ=
53,66,yqY3CxYuxftY87zzPvR+ifPIIaw=,O8gJ7n3CCXZ0WDaAMx7PWWjOZLk=
53,67,yqY3CxYuxftY87zzPvR+ifPIIaw=,O8gJ7n3CCXZ0WDaAMx7PWWjOZLk=
56,67,yqY3CxYuxftY87zzPvR+ifPIIaw=,tLd+mNqv6TnR3iiQXG9rDGuMr34=
