0,0,o/mJ59JUKCVDMYL+3W7IYelATeI=,LQ0bbU2+kgM8mNw3s4q3uUVWXV8=
1,0,o/mJ59JUKCVDMYL+3W7IYelATeI=,W+/Er7MtElNhVBZpCnKR+b6gv2E=
2,0,o/mJ59JUKCVDMYL+3W7IYelATeI=,uhfZ5llMAADDkrIyQkgLfqjg6wk=
3,0,o/mJ59JUKCVDMYL+3W7IYelATeI=,+KrYy71g8VFuHppqep2HIF2AxGE=
4,0,o/mJ59JUKCVDMYL+3W7IYelATeI=,H88USL2iz3BKk3zNeVRvh/9FlKA=
5,0,o/mJ59JUKCVDMYL+3W7IYelATeI=,4bBKKE2NcWkHoi9pfVD0dmOoYqA=
6,0,o/mJ59JUKCVDMYL+3W7IYelATeI=,MfS9TcvY5l3tP1eiMWCwWBpm7Lg=
7,0,o/mJ59JUKCVDMYL+3W7IYelATeI=,lCiM2N9kUlxP+B2vDddqGXvmddU=
8,0,o/mJ59JUKCVDMYL+3W7IYelATeI=,+qo5HFTAQMeAos9g70cYwqDnJo8=
9,0,o/mJ59JUKCVDMYL+3W7IYelATeI=,g4Tb9X5rTBQKMh1UdXdV3WhfdIc=
10,0,o/mJ59JUKCVDMYL+3W7IYelATeI=,6bjQNhoe++vhAV501Dd9yAKTgBg=
11,0,o/mJ59JUKCVDMYL+3W7IYelATeI=,GWjo4luN/OfmP5d5iiYiRxvoxXA=
12,0,o/mJ59JUKCVDMYL+3W7IYelATeI=,de+3AeXypzJr0W5rX5QSshXja60=
13,0,o/mJ59JUKCVDMYL+3W7IYelATeI=,k2KwZnPoF+a2/Y34MSQRwLs83YU=
14,0,o/mJ59JUKCVDMYL+3W7IYelATeI=,BhLc2DmN/AvWFeYBcyM8HWl4bgc=
0,1,o/mJ59JUKCVDMYL+3W7IYelATeI=,wWOqwkJukxVeymnYHS8bBW5YClg=
1,1,o/mJ59JUKCVDMYL+3W7IYelATeI=,wnufCUQJZ6vMtfCIdC2M7CNa+AM=
2,1,o/mJ59JUKCVDMYL+3W7IYelATeI=,QUj8wp5NtSk/ehaPMnkWiV53VkM=
3,1,o/mJ59JUKCVDMYL+3W7IYelATeI=,m5Br4eDrtCQohVou7R54V8PIpNY=
4,1,o/mJ59JUKCVDMYL+3W7IYelATeI=,D8X1aY8SmM/GX3UzocAJsM+AiwM=
5,1,o/mJ59JUKCVDMYL+3W7IYelATeI=,02Tslgk36BocIv2MFXEG2AEKxj0=
6,1,o/mJ59JUKCVDMYL+3W7IYelATeI=,41Ly0/acdALxpqOyDDxGAZbuIaE=
7,1,o/mJ59JUKCVDMYL+3W7IYelATeI=,hPiIAAwDVCY/WA8cxzIrcvytwQk=
8,1,o/mJ59JUKCVDMYL+3W7IYelATeI=,naMd/0QvmpVsX5eGb41DgqEHles=
9,1,o/mJ59JUKCVDMYL+3W7IYelATeI=,qN59veNQya8onvBQhkGh3P+SIdw=
10,1,o/mJ59JUKCVDMYL+3W7IYelATeI=,/97gVYajRID+9Yqb34h+7ArSJGE=
11,1,o/mJ59JUKCVDMYL+3W7IYelATeI=,KlUChObEV+RpPP2BfAx1kSaKMvQ=
12,1,o/mJ59JUKCVDMYL+3W7IYelATeI=,z+cvcIH0NuoxISJEKIKml2E82cU=
13,1,o/mJ59JUKCVDMYL+3W7IYelATeI=,kChukrNqV/lb7xwjyQy0DOp3QZM=
14,1,o/mJ59JUKCVDMYL+3W7IYelATeI=,TpMSXcpE+51zm+isJ7ft75Gg4pg=
0,2,1kpQryRYBaKUSmb34m5II6YXegs=,uE5J6XL8lFB4b5KqpGbdw92zNVs=
1,2,1kpQryRYBaKUSmb34m5II6YXegs=,v05fvFeURwax2s2K36UXhuoeXgs=
2,2,1kpQryRYBaKUSmb34m5II6YXegs=,169E5F+uutFSdeo11OudznJqjlc=
3,2,1kpQryRYBaKUSmb34m5II6YXegs=,e1jxFsUkMIHTeo83XOVV4DNTixQ=
4,2,1kpQryRYBaKUSmb34m5II6YXegs=,D5Zkz1pPLJvqnZAzTwPTSMIeCpM=
5,2,1kpQryRYBaKUSmb34m5II6YXegs=,oW48I6sLdwF1B9wE2SSDj0bKtEQ=
6,2,1kpQryRYBaKUSmb34m5II6YXegs=,qACbdxcLrNKEkafGLs+dosjrB+U=
7,2,1kpQryRYBaKUSmb34m5II6YXegs=,aN71cry5ochjwoiYbOFTD1zYyuI=
8,2,1kpQryRYBaKUSmb34m5II6YXegs=,8RGz8zKESILmy/80GghNqIbvheE=
9,2,1kpQryRYBaKUSmb34m5II6YXegs=,5BDEZvYQAOO/M0bcrnqpGaip9Jo=
10,2,1kpQryRYBaKUSmb34m5II6YXegs=,pRL/Lmw9lSh3YicLrf/4k9OLVPQ=
11,2,1kpQryRYBaKUSmb34m5II6YXegs=,Z1ZWUah6I3i7+W6KRqwjPqjZYPc=
12,2,1kpQryRYBaKUSmb34m5II6YXegs=,nJs4XZgGeXTEfevSIB9OX36Uuq0=
13,2,1kpQryRYBaKUSmb34m5II6YXegs=,H9OWfzgdOz+UcVCr8m1RnrjUmrI=
14,2,1kpQryRYBaKUSmb34m5II6YXegs=,C4Jg6ODegfFitFp6E0KSLb3x3XU=
0,3,1kpQryRYBaKUSmb34m5II6YXegs=,Dmt04p/90SCc5JF4MpAhObDcfc0=
1,3,1kpQryRYBaKUSmb34m5II6YXegs=,58JmR5/Cc92UAVWL+Iks3rrwZKg=
2,3,1kpQryRYBaKUSmb34m5II6YXegs=,O7lodYvsV09unpsQQPAnSD+obS0=
3,3,1kpQryRYBaKUSmb34m5II6YXegs=,aluZ18/l8Q/utY/CFcRxupUIvzo=
4,3,1kpQryRYBaKUSmb34m5II6YXegs=,6Jt+ElkSk3G/y0Osjx6ja+fl9SM=
5,3,1kpQryRYBaKUSmb34m5II6YXegs=,ORnrMDYmYD6S0JE+PAvD/Xx1mVA=
6,3,1kpQryRYBaKUSmb34m5II6YXegs=,w6uDQAluTqNHDY0wg3NT0F7nY7Y=
7,3,1kpQryRYBaKUSmb34m5II6YXegs=,FfSwnmB8aCjEApFYDbb97+68GJ0=
8,3,1kpQryRYBaKUSmb34m5II6YXegs=,4YW4zxfMWnVPRUgQywLob8H6AU0=
9,3,1kpQryRYBaKUSmb34m5II6YXegs=,1Tc/Qr4K8AGoyQN2VtE4/HgyV/g=
10,3,1kpQryRYBaKUSmb34m5II6YXegs=,Jltv9wEjyAr04AS5elxBrJP3p1o=
11,3,1kpQryRYBaKUSmb34m5II6YXegs=,9foRK9dqN4rBbO98TaL5dWedW+s=
12,3,1kpQryRYBaKUSmb34m5II6YXegs=,ydkNGSrZUkcfuBBmu7s0MAXPYVo=
13,3,1kpQryRYBaKUSmb34m5II6YXegs=,0zVpTs273O3z4u+z0wEo4uXp8ug=
14,3,1kpQryRYBaKUSmb34m5II6YXegs=,otN6uW2bf5+jVrCwxfBy1lmgWEg=
0,4,1kpQryRYBaKUSmb34m5II6YXegs=,mfxzKFiizACxURvnt6s2eNQ4JTc=
1,4,1kpQryRYBaKUSmb34m5II6YXegs=,NnMCfhwxyLppuNkqdKbRRFf+e9w=
2,4,1kpQryRYBaKUSmb34m5II6YXegs=,RFDOiLomQl3KS8LxHHN3386Qm1w=
3,4,1kpQryRYBaKUSmb34m5II6YXegs=,NseqKvZuRoNBJx043PwJvQZSCgs=
4,4,1kpQryRYBaKUSmb34m5II6YXegs=,lp4/m/DyeuNPkbVoIvtE0DK4zek=
5,4,1kpQryRYBaKUSmb34m5II6YXegs=,h2QsXRwrjbewO66t22gpCFKlSNc=
6,4,1kpQryRYBaKUSmb34m5II6YXegs=,/HkjNrDL3pfcaOMMQ8c6j9kC7hM=
7,4,1kpQryRYBaKUSmb34m5II6YXegs=,L9JZ8LAhri3sLmlobtz7Kj0UyqA=
8,4,1kpQryRYBaKUSmb34m5II6YXegs=,+j7hnZdgt3IePTFaufHMQYvi6OI=
9,4,1kpQryRYBaKUSmb34m5II6YXegs=,p+iilFLoG7du9c+742Udagkehzg=
10,4,1kpQryRYBaKUSmb34m5II6YXegs=,6APh1UFP+BugxeNvxnDa5PIqJAU=
11,4,1kpQryRYBaKUSmb34m5II6YXegs=,+baeaaSbLhByQBWNJAxLyx/9HGA=
12,4,1kpQryRYBaKUSmb34m5II6YXegs=,RFvop7eJ/MDp5gJ7ZbvyMuxPwQU=
13,4,1kpQryRYBaKUSmb34m5II6YXegs=,2wQ4GHH58qnC9vyNARnwNnR1yiQ=
14,4,1kpQryRYBaKUSmb34m5II6YXegs=,owOuDTqxebFhVCcWEmXBzhe5IvQ=
0,5,1kpQryRYBaKUSmb34m5II6YXegs=,9QSdBsX8YxX+pEgulloQxnVgmzU=
1,5,1kpQryRYBaKUSmb34m5II6YXegs=,i7Vug1w3c7rN8QIBH9FVRX0VtjY=
2,5,1kpQryRYBaKUSmb34m5II6YXegs=,yhwPpRjxBJcRNQ39P1ocUhoL2Qk=
3,5,1kpQryRYBaKUSmb34m5II6YXegs=,DKXphzj2Rff6QtlMYV3M0EF9LOs=
4,5,1kpQryRYBaKUSmb34m5II6YXegs=,8i0JFxlSf+8W+577Ds63emXHSTI=
5,5,1kpQryRYBaKUSmb34m5II6YXegs=,QEuy9H1Md5K/7Wijv9jWLdwHHeo=
6,5,1kpQryRYBaKUSmb34m5II6YXegs=,cupUahggDxoo2hCoZcfEqp4dflg=
7,5,PivnqFBVwEZEEhvFEOEXzcDqpt8=,yxrvJ6ROsRi8r2VOkgIkwj3Ees8=
8,5,PivnqFBVwEZEEhvFEOEXzcDqpt8=,sCX0mGtdcbuxTdyaN6IDfpKZRE8=
9,5,PivnqFBVwEZEEhvFEOEXzcDqpt8=,3S3lJAIkZ72iecPFA6emVxbvdTY=
10,5,PivnqFBVwEZEEhvFEOEXzcDqpt8=,N/Xm1Mpki+Dj5XrvIjhIicKQi2g=
11,5,PivnqFBVwEZEEhvFEOEXzcDqpt8=,xepTGSrsnHx3/OBMf+Go20t6/mI=
12,5,PivnqFBVwEZEEhvFEOEXzcDqpt8=,NsnZi1X7UsWTQTaHFXyG58FExLc=
13,5,PivnqFBVwEZEEhvFEOEXzcDqpt8=,KJJRhuc3kF6Ueg0COwjoWlqFnqs=
14,5,PivnqFBVwEZEEhvFEOEXzcDqpt8=,KJJRhuc3kF6Ueg0COwjoWlqFnqs=
0,6,PivnqFBVwEZEEhvFEOEXzcDqpt8=,CFeZYY/NYfkh99GBD7GhCDwUR6M=
1,6,PivnqFBVwEZEEhvFEOEXzcDqpt8=,DiHOPZS89XXoNNcl7waUwuDSB6A=
2,6,PivnqFBVwEZEEhvFEOEXzcDqpt8=,jQMzypikdW1gbpC7haK4gpprKUs=
3,6,PivnqFBVwEZEEhvFEOEXzcDqpt8=,d1Iq1IvJjqVjfpSYowptSmZEbas=
4,6,PivnqFBVwEZEEhvFEOEXzcDqpt8=,iJ5DssmkSeE5llmOBmWxkH5og4k=
5,6,PivnqFBVwEZEEhvFEOEXzcDqpt8=,1Y6NuDdoYSDG2XhGQq+e7AShxcw=
6,6,PivnqFBVwEZEEhvFEOEXzcDqpt8=,1w25nxfQ2KV1jhqcGVa3K68xgCc=
7,6,PivnqFBVwEZEEhvFEOEXzcDqpt8=,dY1eABOsCHVEUXWSxGXbjQw7YD8=
8,6,PivnqFBVwEZEEhvFEOEXzcDqpt8=,EqJJQBhXjoGIbZ/Rx57YtNL1gRc=
9,6,PivnqFBVwEZEEhvFEOEXzcDqpt8=,ihdJRZ7+MVy+OyC01Xecl7mE9f4=
10,6,PivnqFBVwEZEEhvFEOEXzcDqpt8=,5dQ+fSlvkjjYOYqchsFzOBJCfGs=
11,6,PivnqFBVwEZEEhvFEOEXzcDqpt8=,KAev8uzRF1G23lodaU3Z+M+z1Rg=
12,6,PivnqFBVwEZEEhvFEOEXzcDqpt8=,bzJKQXC/9aPnUrSTKA6IY3A8weE=
13,6,PivnqFBVwEZEEhvFEOEXzcDqpt8=,Hh4a38QsT9S7wcszqJtZqpql92Q=
14,6,PivnqFBVwEZEEhvFEOEXzcDqpt8=,zdE2t1Opk/2cQS+Lyj/DXgj2yZ4=
0,7,PivnqFBVwEZEEhvFEOEXzcDqpt8=,nEm5xGpdLsrb7M6C83Qg/J0Ntag=
1,7,PivnqFBVwEZEEhvFEOEXzcDqpt8=,brPEeYEEpXYs/109Bd+5kyY0zo0=
2,7,PivnqFBVwEZEEhvFEOEXzcDqpt8=,zCYmYY5750VYRbbH6H2vCLTmb/Q=
3,7,PivnqFBVwEZEEhvFEOEXzcDqpt8=,q9ukCtmd3Mn47rbjNZ5fU8idr0k=
4,7,PivnqFBVwEZEEhvFEOEXzcDqpt8=,1QyvkjaEAGU61k8Aqc+DorETsFA=
5,7,PivnqFBVwEZEEhvFEOEXzcDqpt8=,pk4+GRqSNHlDvBm+MHUqoY18R6I=
6,7,PivnqFBVwEZEEhvFEOEXzcDqpt8=,zWgefzrDUIhjZuLkvkgmna4AO8Y=
7,7,PivnqFBVwEZEEhvFEOEXzcDqpt8=,J8YJ+9F3KaZLDuwlos3014Iy9SY=
8,7,PivnqFBVwEZEEhvFEOEXzcDqpt8=,E+tDXlgnsVWB+9rbI/MhDl7gLko=
9,7,PivnqFBVwEZEEhvFEOEXzcDqpt8=,NI3C21Y37njmnSC4bLdYojBvaec=
10,7,PivnqFBVwEZEEhvFEOEXzcDqpt8=,Y2jPRQxDJBi3/eSQOMIRgsnqxt0=
11,7,PivnqFBVwEZEEhvFEOEXzcDqpt8=,I4+PQNEr1UpqjbHJ+7QRZPs/Bbg=
12,7,PivnqFBVwEZEEhvFEOEXzcDqpt8=,QQA2sX+rp9gSfVCfZF3HyrMjJpE=
13,7,PivnqFBVwEZEEhvFEOEXzcDqpt8=,h0M+fAO987PYH3/ewzROZ2UwAcQ=
14,7,PivnqFBVwEZEEhvFEOEXzcDqpt8=,AhBqs30I98cUFggZK+F8fH5/IG8=
0,8,eDZ5KyVtxYOEEBupiczF2RZl5Q8=,WUeYgqaxwZUD4fGwdZTszdhjYXg=
1,8,eDZ5KyVtxYOEEBupiczF2RZl5Q8=,JYzYJo9D7ZKN6l6hyrApIBAVYLU=
2,8,eDZ5KyVtxYOEEBupiczF2RZl5Q8=,E7PeKKNteffohzTfPUQlcPndaDI=
3,8,eDZ5KyVtxYOEEBupiczF2RZl5Q8=,BJBBUc6P4jGE+RAvUx8dG78GZ/8=
4,8,eDZ5KyVtxYOEEBupiczF2RZl5Q8=,NF9i2hEVqlY/lr9uwgLZ9HpWVgw=
5,8,eDZ5KyVtxYOEEBupiczF2RZl5Q8=,pGeQOnS0YWzOnuriUAQTq7o++w8=
6,8,eDZ5KyVtxYOEEBupiczF2RZl5Q8=,U0BhYW9JIpprjvgZK8npkKdeSh4=
7,8,eDZ5KyVtxYOEEBupiczF2RZl5Q8=,b+4KzzFeQJCP2jUTTGDbf7ioA+M=
8,8,eDZ5KyVtxYOEEBupiczF2RZl5Q8=,cjtEcLbMPt3I+HPUok/Q7SPD7sw=
9,8,eDZ5KyVtxYOEEBupiczF2RZl5Q8=,HwdvAkEUjT0iaz1aNWZyBzXpSwI=
10,8,eDZ5KyVtxYOEEBupiczF2RZl5Q8=,/nHhTqZs4paT0U1DsgNu+OPYIkU=
11,8,eDZ5KyVtxYOEEBupiczF2RZl5Q8=,jAl11jUqlQtMcsIIgQfJaEIWsQQ=
12,8,eDZ5KyVtxYOEEBupiczF2RZl5Q8=,9JNTTTZSxcAgXt5jJA4MLcmsRKY=
13,8,eDZ5KyVtxYOEEBupiczF2RZl5Q8=,EZjDB+6yOpHRB3qX3zp1QlUYE2o=
14,8,eDZ5KyVtxYOEEBupiczF2RZl5Q8=,GTEZOEsOUnj6Y7DZ1lA20k4+1y8=
0,9,eDZ5KyVtxYOEEBupiczF2RZl5Q8=,n9PcU2NGBjk8tZN8b6iu3aHJqjA=
1,9,eDZ5KyVtxYOEEBupiczF2RZl5Q8=,uqO4tOL7AmHeX0weVbfJbsZ77LE=
2,9,eDZ5KyVtxYOEEBupiczF2RZl5Q8=,Dx9FT42aaelrURahOiJQT5zYnOg=
3,9,eDZ5KyVtxYOEEBupiczF2RZl5Q8=,PMY2+44kAOLbbS5ZfqSmnM78BFc=
4,9,eDZ5KyVtxYOEEBupiczF2RZl5Q8=,YBKfzcQ7UfC61SDwv6YwHlCgTqc=
5,9,eDZ5KyVtxYOEEBupiczF2RZl5Q8=,3XwjR8TZwLXTRObiBhDvwwKQP5k=
6,9,eDZ5KyVtxYOEEBupiczF2RZl5Q8=,vw3N9/hkewDxN7sDSU5PwUFhLVg=
7,9,eDZ5KyVtxYOEEBupiczF2RZl5Q8=,XXayh03hNGwcugA7nBqCm0QyraY=
8,9,eDZ5KyVtxYOEEBupiczF2RZl5Q8=,7YE+5b/6BM4m0rtB/T7J30dXy7U=
9,9,eDZ5KyVtxYOEEBupiczF2RZl5Q8=,7r1p+IM7pZNZnfNWX1IrzDVz1ok=
10,9,eDZ5KyVtxYOEEBupiczF2RZl5Q8=,dzLCv+Nppch6zSwkDlHE2jHJdjM=
11,9,eDZ5KyVtxYOEEBupiczF2RZl5Q8=,TQYYW2Qp0OvavA5kXcWJtVUvB7k=
12,9,eDZ5KyVtxYOEEBupiczF2RZl5Q8=,4zj97QZyAZtxOR6wR5fxQUgBqrc=
13,9,eDZ5KyVtxYOEEBupiczF2RZl5Q8=,aIx/HTyW+TrBTK8llwfhV7j9N9M=
14,9,eDZ5KyVtxYOEEBupiczF2RZl5Q8=,XQqEVoJs/jSWj7Cp81HGvDtTUrc=
0,10,zXF9370N+jT8OEVScy7ts5UZd/I=,g2ND88UPQTJH3tYEw4i7Cwe8GHM=
1,10,zXF9370N+jT8OEVScy7ts5UZd/I=,mebLrHPaB/sp7mGKkzT0nCZvIvA=
2,10,zXF9370N+jT8OEVScy7ts5UZd/I=,s4endiMj3xi+lis5UFI7cQfov+k=
3,10,zXF9370N+jT8OEVScy7ts5UZd/I=,PxW05rCPrqOcemxb712BqALt5eU=
4,10,zXF9370N+jT8OEVScy7ts5UZd/I=,Bf+HBaMbSctZtIPAFTS7SAvHDQY=
5,10,zXF9370N+jT8OEVScy7ts5UZd/I=,Z6DUfT4kvnRgSb3iG4mMWBVLB7w=
6,10,zXF9370N+jT8OEVScy7ts5UZd/I=,/1lZ0KxCyIfEqdr2q6semEYP94Y=
7,10,zXF9370N+jT8OEVScy7ts5UZd/I=,6BrLa9CpZEHcelVvYKSvpi6QHAc=
8,10,zXF9370N+jT8OEVScy7ts5UZd/I=,U3qXjLQfqoRJW9AFtnSYPiciW/Q=
9,10,zXF9370N+jT8OEVScy7ts5UZd/I=,aS5VIiIu7tACeNn3cSnv7TSg4w0=
10,10,zXF9370N+jT8OEVScy7ts5UZd/I=,2ExGbbIMnp9avZrjVtcXWWHUIeg=
11,10,zXF9370N+jT8OEVScy7ts5UZd/I=,od5Dd6J/8dEmKewJMSYkprAw9HI=
12,10,zXF9370N+jT8OEVScy7ts5UZd/I=,rsNfRxvpg8F6gMSpQ5qnwycmcRg=
13,10,zXF9370N+jT8OEVScy7ts5UZd/I=,op0QLIkTq2NQPqNsMaXpoVh/tT8=
14,10,zXF9370N+jT8OEVScy7ts5UZd/I=,DqrY5ByxBfKNhNA5XEQpWTGq62E=
0,11,zXF9370N+jT8OEVScy7ts5UZd/I=,VhNqN4iWAGONeMP2urFsBXqFn0A=
1,11,zXF9370N+jT8OEVScy7ts5UZd/I=,8AcoZFCdDnp2i7qbdI/j9aHJlMk=
2,11,zXF9370N+jT8OEVScy7ts5UZd/I=,iJM+yHwl5EqSMVGty2FM5E/oIuw=
3,11,zXF9370N+jT8OEVScy7ts5UZd/I=,lFYX22BIwd+vYSe81eI4Ko2V2J4=
4,11,zXF9370N+jT8OEVScy7ts5UZd/I=,puW9fsisf2vaay3WGIwA542e52E=
5,11,zXF9370N+jT8OEVScy7ts5UZd/I=,XtryqL2BkWZFeASEzsS+goEPWWY=
6,11,zXF9370N+jT8OEVScy7ts5UZd/I=,RdZ8CgvlVobFWJfaf/+uvmqj0v4=
7,11,zXF9370N+jT8OEVScy7ts5UZd/I=,F4yv5rcuUtHwCYbtk64keVDGh0M=
8,11,zXF9370N+jT8OEVScy7ts5UZd/I=,8d9C++TI5oub6IMzs+3wD5Oz8O0=
9,11,zXF9370N+jT8OEVScy7ts5UZd/I=,HysgNXkdDfO1NWN8doSeHOHyb+g=
10,11,zXF9370N+jT8OEVScy7ts5UZd/I=,CKUWhaS0EOpK73UvKWTJut5BdWo=
11,11,zXF9370N+jT8OEVScy7ts5UZd/I=,Wa5+ag+YS+VliRlaefnQtGqePuY=
12,11,zXF9370N+jT8OEVScy7ts5UZd/I=,VqPZoSM7+nC613vOz2Fj4/ZsaP4=
13,11,zXF9370N+jT8OEVScy7ts5UZd/I=,BKioHPsO0ynoIHbV4OjrmP5momg=
14,11,zXF9370N+jT8OEVScy7ts5UZd/I=,TYCeV0DLCJw8O5Dl0/l3EC5+1fU=
0,12,zFEJI4llrY/nnZ/Kaf7Te1NJtao=,rcJ00fywpMYwBp/x46VgWXujhPs=
1,12,zFEJI4llrY/nnZ/Kaf7Te1NJtao=,4+p5LqpEjrODYLz93dN6U91c78E=
2,12,zFEJI4llrY/nnZ/Kaf7Te1NJtao=,qKN+9N7efTipwYfYaoZrXQXSvLg=
3,12,zFEJI4llrY/nnZ/Kaf7Te1NJtao=,eUc/Bes6VkkPLnSu1ODBMIWSCBg=
4,12,zFEJI4llrY/nnZ/Kaf7Te1NJtao=,V5EFy//8rgNQY/NsFqWef+QExrg=
5,12,zFEJI4llrY/nnZ/Kaf7Te1NJtao=,Vl5qypMAPoHN+31v1dDF6U/5rvM=
6,12,zFEJI4llrY/nnZ/Kaf7Te1NJtao=,cRcnqb7DEvJtN+YMfVYLorDwZWw=
7,12,zFEJI4llrY/nnZ/Kaf7Te1NJtao=,IMGzrWN3tcLMD+/B2D90HnAxZdY=
8,12,zFEJI4llrY/nnZ/Kaf7Te1NJtao=,8D1dZgSsa2dUvviI/ig/BNvPeyE=
9,12,zFEJI4llrY/nnZ/Kaf7Te1NJtao=,z5ATwOAUCJnNSeqaarrlRmi6fCc=
10,12,zFEJI4llrY/nnZ/Kaf7Te1NJtao=,corand47TEu/UTuKjVniCFNsKmc=
11,12,zFEJI4llrY/nnZ/Kaf7Te1NJtao=,7sNU9D07ml1+dDIie+mrAVvFEf4=
12,12,zFEJI4llrY/nnZ/Kaf7Te1NJtao=,3DYKy9OTcHUESIdSPkPvlqqxiMg=
13,12,zFEJI4llrY/nnZ/Kaf7Te1NJtao=,trM/99OGWOaVa8TyTHL/xTbG/zM=
14,12,zFEJI4llrY/nnZ/Kaf7Te1NJtao=,o7VFyoXqZDfMK3GOUIVhYDt70gk=
0,13,zFEJI4llrY/nnZ/Kaf7Te1NJtao=,IWT28JF/NgL/RipJISphdXaCI8I=
1,13,zFEJI4llrY/nnZ/Kaf7Te1NJtao=,ILemBYTdDrhK5nczKWhb5ca9Hu4=
2,13,zFEJI4llrY/nnZ/Kaf7Te1NJtao=,dEMSx5wxwXhyMQxS/ivvY8ijbzk=
3,13,zFEJI4llrY/nnZ/Kaf7Te1NJtao=,KS3YcOwrrE8qCMzM1iKpNBqWoe4=
4,13,zFEJI4llrY/nnZ/Kaf7Te1NJtao=,MmN0KHe/OTOXfMJNxJnuS6NNe0I=
5,13,zFEJI4llrY/nnZ/Kaf7Te1NJtao=,qnyLiwiKELdIReqtm1e7yoItWBE=
6,13,zFEJI4llrY/nnZ/Kaf7Te1NJtao=,w4aCk0kR0A6Er6V/39KrRyuazKE=
7,13,zFEJI4llrY/nnZ/Kaf7Te1NJtao=,Y1LZkdrgSKhFNdl4BLXoCD1vu+M=
8,13,zFEJI4llrY/nnZ/Kaf7Te1NJtao=,twhPKcS4/kVNISipgQj0fxIwMzA=
9,13,zFEJI4llrY/nnZ/Kaf7Te1NJtao=,lZxpuaiqQgOI33sdlEsuzgfQvhg=
10,13,zFEJI4llrY/nnZ/Kaf7Te1NJtao=,dkOSDTDbfO46yt0a+ciwp6AHCls=
11,13,zFEJI4llrY/nnZ/Kaf7Te1NJtao=,cdZZY82fvL2M1pf4tcr3qBP+6Ng=
12,13,zFEJI4llrY/nnZ/Kaf7Te1NJtao=,uzntRJ+ttaE58D2LzayCB67ZKMc=
13,13,zFEJI4llrY/nnZ/Kaf7Te1NJtao=,DGEiOtkd/xQTfR7Jpc7579X9vhc=
14,13,zFEJI4llrY/nnZ/Kaf7Te1NJtao=,0lkzv+/agIhmrzmWnL4kJ4fmFHs=
0,14,zFEJI4llrY/nnZ/Kaf7Te1NJtao=,BTMTtjEAZtE+Ba/lBQpcbmH7tIQ=
1,14,zFEJI4llrY/nnZ/Kaf7Te1NJtao=,LsDICD8oeDxP+s1dHjk3CKkPIEY=
2,14,zFEJI4llrY/nnZ/Kaf7Te1NJtao=,6G+IyTNS4hcSSrcy7mQR7ccAgTg=
3,14,zFEJI4llrY/nnZ/Kaf7Te1NJtao=,ytJI8SxsLoVRU3m91elsMT4PFR4=
4,14,zFEJI4llrY/nnZ/Kaf7Te1NJtao=,QIw9NjBAeT3H1M9e/LfAco7aEqU=
5,14,zFEJI4llrY/nnZ/Kaf7Te1NJtao=,uOXbY9ji07CL9W46a9aW2QKXD1Q=
6,14,zFEJI4llrY/nnZ/Kaf7Te1NJtao=,z2cIWcLCA1rSKp2534JOGWROfB4=
7,14,zFEJI4llrY/nnZ/Kaf7Te1NJtao=,4fBZFdIsq+Ggmv05KIjMMjGLnYc=
8,14,zFEJI4llrY/nnZ/Kaf7Te1NJtao=,r9ucPhJJ8YNfqp2qF7y7RcEqGkY=
9,14,zFEJI4llrY/nnZ/Kaf7Te1NJtao=,n3KM/YRn7lrPXc2p7+SlT5g5sjI=
10,14,zFEJI4llrY/nnZ/Kaf7Te1NJtao=,/VMbea7SGOb3fMidAvPcwXV/Pco=
11,14,zFEJI4llrY/nnZ/Kaf7Te1NJtao=,TNw22byIglUkMhlJ2N1W6qJCab0=
12,14,zFEJI4llrY/nnZ/Kaf7Te1NJtao=,brINACi07Q1OPtC19zEgwwEPaLo=
13,14,zFEJI4llrY/nnZ/Kaf7Te1NJtao=,lJ3B0V2LlONFHUC9CkWIpGkUw6g=
14,14,zFEJI4llrY/nnZ/Kaf7Te1NJtao=,bW5RcB5jyvLhp3xp+ycTqQpYNfU=
0,15,0d7YAJ1LxofmiKwI7YfD0+LVi+s=,ygzKdlb/lbVVoTrjkbt51oO48rg=
1,15,0d7YAJ1LxofmiKwI7YfD0+LVi+s=,OZgFmlADPeZrx6Q+lAzYfsZznwc=
2,15,0d7YAJ1LxofmiKwI7YfD0+LVi+s=,loW6/GuJXykNGeLxS0Keps5mHJs=
3,15,0d7YAJ1LxofmiKwI7YfD0+LVi+s=,6wFpH0thwtE7077ofKHFK2b0/pQ=
4,15,0d7YAJ1LxofmiKwI7YfD0+LVi+s=,BDviG7VgSoyX1oNUIfaY54JtdkE=
5,15,0d7YAJ1LxofmiKwI7YfD0+LVi+s=,LbG8LBJIKFt51XiCqgcVnRMHBhE=
6,15,0d7YAJ1LxofmiKwI7YfD0+LVi+s=,aVL1OG/ChCtKhBLENo3lyjlpY28=
7,15,0d7YAJ1LxofmiKwI7YfD0+LVi+s=,5uqECQgf8b9ITM3p1ylduWaQtfI=
8,15,0d7YAJ1LxofmiKwI7YfD0+LVi+s=,GDQ+ctIhXhTdXfgR0lrsYXx754Y=
9,15,0d7YAJ1LxofmiKwI7YfD0+LVi+s=,Tnjw0hDJO1PfkUTKLDd/sdCzfac=
10,15,0d7YAJ1LxofmiKwI7YfD0+LVi+s=,aHEJ+lfot38ge3bk0+IlWcA/L2k=
11,15,0d7YAJ1LxofmiKwI7YfD0+LVi+s=,Zj3JhloWwZt8lIejckjMSvmp6Uc=
12,15,0d7YAJ1LxofmiKwI7YfD0+LVi+s=,QdEpVWd4YMISJfuzFMKeV0ZnKjE=
13,15,0d7YAJ1LxofmiKwI7YfD0+LVi+s=,gNr3O5Bp48Ko5M/E/4aRMmjTS3g=
14,15,0d7YAJ1LxofmiKwI7YfD0+LVi+s=,pexVLYtHcYoIYy+SlPp4TS0EmVk=
0,16,0d7YAJ1LxofmiKwI7YfD0+LVi+s=,x3ElviLKLmqkdJrgCL4CgUAa3yk=
1,16,0d7YAJ1LxofmiKwI7YfD0+LVi+s=,aKv/Ka3Ov/2MjARPk3J4KCoxlks=
2,16,0d7YAJ1LxofmiKwI7YfD0+LVi+s=,ZvbTtDOiBqEg+902mw9CkOcu/lM=
3,16,0d7YAJ1LxofmiKwI7YfD0+LVi+s=,ZvbTtDOiBqEg+902mw9CkOcu/lM=
4,16,0d7YAJ1LxofmiKwI7YfD0+LVi+s=,8wq75DIo4kWZx24opduCMxM75cA=
5,16,0d7YAJ1LxofmiKwI7YfD0+LVi+s=,+luqsUuxcfbR+DV8336pQO6F5mA=
6,16,0d7YAJ1LxofmiKwI7YfD0+LVi+s=,LbbaMYydE3VZzk96ZZhjyztb4Is=
7,16,0d7YAJ1LxofmiKwI7YfD0+LVi+s=,ZvbTtDOiBqEg+902mw9CkOcu/lM=
8,16,0d7YAJ1LxofmiKwI7YfD0+LVi+s=,A6Yz0cF/fw2DbaxPcgqrzUEyzjE=
9,16,0d7YAJ1LxofmiKwI7YfD0+LVi+s=,LUxgD0mAl1mz3L8DIjmexiXM0ZA=
10,16,0d7YAJ1LxofmiKwI7YfD0+LVi+s=,vU2sxCFCHbzpvxmu9Idw8TTCOyA=
11,16,0d7YAJ1LxofmiKwI7YfD0+LVi+s=,N0sWTjwbZA0dEhP7btMhLtoNEzQ=
12,16,0d7YAJ1LxofmiKwI7YfD0+LVi+s=,oUk1tdfG9ZCRjYGX4CyxqLJwqBY=
13,16,0d7YAJ1LxofmiKwI7YfD0+LVi+s=,crvmSgvisiEppLHQ2SGkIzlC1F4=
14,16,0d7YAJ1LxofmiKwI7YfD0+LVi+s=,A6Yz0cF/fw2DbaxPcgqrzUEyzjE=
